range,codepoint,char,unicode_name,image_file
Miscellaneous Symbols (common music signs),U+2669,‚ô©,QUARTER NOTE,images/U+2669_QUARTER_NOTE.png
Miscellaneous Symbols (common music signs),U+266A,‚ô™,EIGHTH NOTE,images/U+266A_EIGHTH_NOTE.png
Miscellaneous Symbols (common music signs),U+266B,‚ô´,BEAMED EIGHTH NOTES,images/U+266B_BEAMED_EIGHTH_NOTES.png
Miscellaneous Symbols (common music signs),U+266C,‚ô¨,BEAMED SIXTEENTH NOTES,images/U+266C_BEAMED_SIXTEENTH_NOTES.png
Miscellaneous Symbols (common music signs),U+266D,‚ô≠,MUSIC FLAT SIGN,images/U+266D_MUSIC_FLAT_SIGN.png
Miscellaneous Symbols (common music signs),U+266E,‚ôÆ,MUSIC NATURAL SIGN,images/U+266E_MUSIC_NATURAL_SIGN.png
Miscellaneous Symbols (common music signs),U+266F,‚ôØ,MUSIC SHARP SIGN,images/U+266F_MUSIC_SHARP_SIGN.png
Byzantine Musical Symbols,U+1D000,ùÄÄ,BYZANTINE MUSICAL SYMBOL PSILI,images/U+1D000_BYZANTINE_MUSICAL_SYMBOL_PSILI.png
Byzantine Musical Symbols,U+1D001,ùÄÅ,BYZANTINE MUSICAL SYMBOL DASEIA,images/U+1D001_BYZANTINE_MUSICAL_SYMBOL_DASEIA.png
Byzantine Musical Symbols,U+1D002,ùÄÇ,BYZANTINE MUSICAL SYMBOL PERISPOMENI,images/U+1D002_BYZANTINE_MUSICAL_SYMBOL_PERISPOMENI.png
Byzantine Musical Symbols,U+1D003,ùÄÉ,BYZANTINE MUSICAL SYMBOL OXEIA EKFONITIKON,images/U+1D003_BYZANTINE_MUSICAL_SYMBOL_OXEIA_EKFONITIKON.png
Byzantine Musical Symbols,U+1D004,ùÄÑ,BYZANTINE MUSICAL SYMBOL OXEIA DIPLI,images/U+1D004_BYZANTINE_MUSICAL_SYMBOL_OXEIA_DIPLI.png
Byzantine Musical Symbols,U+1D005,ùÄÖ,BYZANTINE MUSICAL SYMBOL VAREIA EKFONITIKON,images/U+1D005_BYZANTINE_MUSICAL_SYMBOL_VAREIA_EKFONITIKON.png
Byzantine Musical Symbols,U+1D006,ùÄÜ,BYZANTINE MUSICAL SYMBOL VAREIA DIPLI,images/U+1D006_BYZANTINE_MUSICAL_SYMBOL_VAREIA_DIPLI.png
Byzantine Musical Symbols,U+1D007,ùÄá,BYZANTINE MUSICAL SYMBOL KATHISTI,images/U+1D007_BYZANTINE_MUSICAL_SYMBOL_KATHISTI.png
Byzantine Musical Symbols,U+1D008,ùÄà,BYZANTINE MUSICAL SYMBOL SYRMATIKI,images/U+1D008_BYZANTINE_MUSICAL_SYMBOL_SYRMATIKI.png
Byzantine Musical Symbols,U+1D009,ùÄâ,BYZANTINE MUSICAL SYMBOL PARAKLITIKI,images/U+1D009_BYZANTINE_MUSICAL_SYMBOL_PARAKLITIKI.png
Byzantine Musical Symbols,U+1D00A,ùÄä,BYZANTINE MUSICAL SYMBOL YPOKRISIS,images/U+1D00A_BYZANTINE_MUSICAL_SYMBOL_YPOKRISIS.png
Byzantine Musical Symbols,U+1D00B,ùÄã,BYZANTINE MUSICAL SYMBOL YPOKRISIS DIPLI,images/U+1D00B_BYZANTINE_MUSICAL_SYMBOL_YPOKRISIS_DIPLI.png
Byzantine Musical Symbols,U+1D00C,ùÄå,BYZANTINE MUSICAL SYMBOL KREMASTI,images/U+1D00C_BYZANTINE_MUSICAL_SYMBOL_KREMASTI.png
Byzantine Musical Symbols,U+1D00D,ùÄç,BYZANTINE MUSICAL SYMBOL APESO EKFONITIKON,images/U+1D00D_BYZANTINE_MUSICAL_SYMBOL_APESO_EKFONITIKON.png
Byzantine Musical Symbols,U+1D00E,ùÄé,BYZANTINE MUSICAL SYMBOL EXO EKFONITIKON,images/U+1D00E_BYZANTINE_MUSICAL_SYMBOL_EXO_EKFONITIKON.png
Byzantine Musical Symbols,U+1D00F,ùÄè,BYZANTINE MUSICAL SYMBOL TELEIA,images/U+1D00F_BYZANTINE_MUSICAL_SYMBOL_TELEIA.png
Byzantine Musical Symbols,U+1D010,ùÄê,BYZANTINE MUSICAL SYMBOL KENTIMATA,images/U+1D010_BYZANTINE_MUSICAL_SYMBOL_KENTIMATA.png
Byzantine Musical Symbols,U+1D011,ùÄë,BYZANTINE MUSICAL SYMBOL APOSTROFOS,images/U+1D011_BYZANTINE_MUSICAL_SYMBOL_APOSTROFOS.png
Byzantine Musical Symbols,U+1D012,ùÄí,BYZANTINE MUSICAL SYMBOL APOSTROFOS DIPLI,images/U+1D012_BYZANTINE_MUSICAL_SYMBOL_APOSTROFOS_DIPLI.png
Byzantine Musical Symbols,U+1D013,ùÄì,BYZANTINE MUSICAL SYMBOL SYNEVMA,images/U+1D013_BYZANTINE_MUSICAL_SYMBOL_SYNEVMA.png
Byzantine Musical Symbols,U+1D014,ùÄî,BYZANTINE MUSICAL SYMBOL THITA,images/U+1D014_BYZANTINE_MUSICAL_SYMBOL_THITA.png
Byzantine Musical Symbols,U+1D015,ùÄï,BYZANTINE MUSICAL SYMBOL OLIGON ARCHAION,images/U+1D015_BYZANTINE_MUSICAL_SYMBOL_OLIGON_ARCHAION.png
Byzantine Musical Symbols,U+1D016,ùÄñ,BYZANTINE MUSICAL SYMBOL GORGON ARCHAION,images/U+1D016_BYZANTINE_MUSICAL_SYMBOL_GORGON_ARCHAION.png
Byzantine Musical Symbols,U+1D017,ùÄó,BYZANTINE MUSICAL SYMBOL PSILON,images/U+1D017_BYZANTINE_MUSICAL_SYMBOL_PSILON.png
Byzantine Musical Symbols,U+1D018,ùÄò,BYZANTINE MUSICAL SYMBOL CHAMILON,images/U+1D018_BYZANTINE_MUSICAL_SYMBOL_CHAMILON.png
Byzantine Musical Symbols,U+1D019,ùÄô,BYZANTINE MUSICAL SYMBOL VATHY,images/U+1D019_BYZANTINE_MUSICAL_SYMBOL_VATHY.png
Byzantine Musical Symbols,U+1D01A,ùÄö,BYZANTINE MUSICAL SYMBOL ISON ARCHAION,images/U+1D01A_BYZANTINE_MUSICAL_SYMBOL_ISON_ARCHAION.png
Byzantine Musical Symbols,U+1D01B,ùÄõ,BYZANTINE MUSICAL SYMBOL KENTIMA ARCHAION,images/U+1D01B_BYZANTINE_MUSICAL_SYMBOL_KENTIMA_ARCHAION.png
Byzantine Musical Symbols,U+1D01C,ùÄú,BYZANTINE MUSICAL SYMBOL KENTIMATA ARCHAION,images/U+1D01C_BYZANTINE_MUSICAL_SYMBOL_KENTIMATA_ARCHAION.png
Byzantine Musical Symbols,U+1D01D,ùÄù,BYZANTINE MUSICAL SYMBOL SAXIMATA,images/U+1D01D_BYZANTINE_MUSICAL_SYMBOL_SAXIMATA.png
Byzantine Musical Symbols,U+1D01E,ùÄû,BYZANTINE MUSICAL SYMBOL PARICHON,images/U+1D01E_BYZANTINE_MUSICAL_SYMBOL_PARICHON.png
Byzantine Musical Symbols,U+1D01F,ùÄü,BYZANTINE MUSICAL SYMBOL STAVROS APODEXIA,images/U+1D01F_BYZANTINE_MUSICAL_SYMBOL_STAVROS_APODEXIA.png
Byzantine Musical Symbols,U+1D020,ùÄ†,BYZANTINE MUSICAL SYMBOL OXEIAI ARCHAION,images/U+1D020_BYZANTINE_MUSICAL_SYMBOL_OXEIAI_ARCHAION.png
Byzantine Musical Symbols,U+1D021,ùÄ°,BYZANTINE MUSICAL SYMBOL VAREIAI ARCHAION,images/U+1D021_BYZANTINE_MUSICAL_SYMBOL_VAREIAI_ARCHAION.png
Byzantine Musical Symbols,U+1D022,ùÄ¢,BYZANTINE MUSICAL SYMBOL APODERMA ARCHAION,images/U+1D022_BYZANTINE_MUSICAL_SYMBOL_APODERMA_ARCHAION.png
Byzantine Musical Symbols,U+1D023,ùÄ£,BYZANTINE MUSICAL SYMBOL APOTHEMA,images/U+1D023_BYZANTINE_MUSICAL_SYMBOL_APOTHEMA.png
Byzantine Musical Symbols,U+1D024,ùÄ§,BYZANTINE MUSICAL SYMBOL KLASMA,images/U+1D024_BYZANTINE_MUSICAL_SYMBOL_KLASMA.png
Byzantine Musical Symbols,U+1D025,ùÄ•,BYZANTINE MUSICAL SYMBOL REVMA,images/U+1D025_BYZANTINE_MUSICAL_SYMBOL_REVMA.png
Byzantine Musical Symbols,U+1D026,ùÄ¶,BYZANTINE MUSICAL SYMBOL PIASMA ARCHAION,images/U+1D026_BYZANTINE_MUSICAL_SYMBOL_PIASMA_ARCHAION.png
Byzantine Musical Symbols,U+1D027,ùÄß,BYZANTINE MUSICAL SYMBOL TINAGMA,images/U+1D027_BYZANTINE_MUSICAL_SYMBOL_TINAGMA.png
Byzantine Musical Symbols,U+1D028,ùÄ®,BYZANTINE MUSICAL SYMBOL ANATRICHISMA,images/U+1D028_BYZANTINE_MUSICAL_SYMBOL_ANATRICHISMA.png
Byzantine Musical Symbols,U+1D029,ùÄ©,BYZANTINE MUSICAL SYMBOL SEISMA,images/U+1D029_BYZANTINE_MUSICAL_SYMBOL_SEISMA.png
Byzantine Musical Symbols,U+1D02A,ùÄ™,BYZANTINE MUSICAL SYMBOL SYNAGMA ARCHAION,images/U+1D02A_BYZANTINE_MUSICAL_SYMBOL_SYNAGMA_ARCHAION.png
Byzantine Musical Symbols,U+1D02B,ùÄ´,BYZANTINE MUSICAL SYMBOL SYNAGMA META STAVROU,images/U+1D02B_BYZANTINE_MUSICAL_SYMBOL_SYNAGMA_META_STAVROU.png
Byzantine Musical Symbols,U+1D02C,ùÄ¨,BYZANTINE MUSICAL SYMBOL OYRANISMA ARCHAION,images/U+1D02C_BYZANTINE_MUSICAL_SYMBOL_OYRANISMA_ARCHAION.png
Byzantine Musical Symbols,U+1D02D,ùÄ≠,BYZANTINE MUSICAL SYMBOL THEMA,images/U+1D02D_BYZANTINE_MUSICAL_SYMBOL_THEMA.png
Byzantine Musical Symbols,U+1D02E,ùÄÆ,BYZANTINE MUSICAL SYMBOL LEMOI,images/U+1D02E_BYZANTINE_MUSICAL_SYMBOL_LEMOI.png
Byzantine Musical Symbols,U+1D02F,ùÄØ,BYZANTINE MUSICAL SYMBOL DYO,images/U+1D02F_BYZANTINE_MUSICAL_SYMBOL_DYO.png
Byzantine Musical Symbols,U+1D030,ùÄ∞,BYZANTINE MUSICAL SYMBOL TRIA,images/U+1D030_BYZANTINE_MUSICAL_SYMBOL_TRIA.png
Byzantine Musical Symbols,U+1D031,ùÄ±,BYZANTINE MUSICAL SYMBOL TESSERA,images/U+1D031_BYZANTINE_MUSICAL_SYMBOL_TESSERA.png
Byzantine Musical Symbols,U+1D032,ùÄ≤,BYZANTINE MUSICAL SYMBOL KRATIMATA,images/U+1D032_BYZANTINE_MUSICAL_SYMBOL_KRATIMATA.png
Byzantine Musical Symbols,U+1D033,ùÄ≥,BYZANTINE MUSICAL SYMBOL APESO EXO NEO,images/U+1D033_BYZANTINE_MUSICAL_SYMBOL_APESO_EXO_NEO.png
Byzantine Musical Symbols,U+1D034,ùÄ¥,BYZANTINE MUSICAL SYMBOL FTHORA ARCHAION,images/U+1D034_BYZANTINE_MUSICAL_SYMBOL_FTHORA_ARCHAION.png
Byzantine Musical Symbols,U+1D035,ùÄµ,BYZANTINE MUSICAL SYMBOL IMIFTHORA,images/U+1D035_BYZANTINE_MUSICAL_SYMBOL_IMIFTHORA.png
Byzantine Musical Symbols,U+1D036,ùÄ∂,BYZANTINE MUSICAL SYMBOL TROMIKON ARCHAION,images/U+1D036_BYZANTINE_MUSICAL_SYMBOL_TROMIKON_ARCHAION.png
Byzantine Musical Symbols,U+1D037,ùÄ∑,BYZANTINE MUSICAL SYMBOL KATAVA TROMIKON,images/U+1D037_BYZANTINE_MUSICAL_SYMBOL_KATAVA_TROMIKON.png
Byzantine Musical Symbols,U+1D038,ùÄ∏,BYZANTINE MUSICAL SYMBOL PELASTON,images/U+1D038_BYZANTINE_MUSICAL_SYMBOL_PELASTON.png
Byzantine Musical Symbols,U+1D039,ùÄπ,BYZANTINE MUSICAL SYMBOL PSIFISTON,images/U+1D039_BYZANTINE_MUSICAL_SYMBOL_PSIFISTON.png
Byzantine Musical Symbols,U+1D03A,ùÄ∫,BYZANTINE MUSICAL SYMBOL KONTEVMA,images/U+1D03A_BYZANTINE_MUSICAL_SYMBOL_KONTEVMA.png
Byzantine Musical Symbols,U+1D03B,ùÄª,BYZANTINE MUSICAL SYMBOL CHOREVMA ARCHAION,images/U+1D03B_BYZANTINE_MUSICAL_SYMBOL_CHOREVMA_ARCHAION.png
Byzantine Musical Symbols,U+1D03C,ùÄº,BYZANTINE MUSICAL SYMBOL RAPISMA,images/U+1D03C_BYZANTINE_MUSICAL_SYMBOL_RAPISMA.png
Byzantine Musical Symbols,U+1D03D,ùÄΩ,BYZANTINE MUSICAL SYMBOL PARAKALESMA ARCHAION,images/U+1D03D_BYZANTINE_MUSICAL_SYMBOL_PARAKALESMA_ARCHAION.png
Byzantine Musical Symbols,U+1D03E,ùÄæ,BYZANTINE MUSICAL SYMBOL PARAKLITIKI ARCHAION,images/U+1D03E_BYZANTINE_MUSICAL_SYMBOL_PARAKLITIKI_ARCHAION.png
Byzantine Musical Symbols,U+1D03F,ùÄø,BYZANTINE MUSICAL SYMBOL ICHADIN,images/U+1D03F_BYZANTINE_MUSICAL_SYMBOL_ICHADIN.png
Byzantine Musical Symbols,U+1D040,ùÅÄ,BYZANTINE MUSICAL SYMBOL NANA,images/U+1D040_BYZANTINE_MUSICAL_SYMBOL_NANA.png
Byzantine Musical Symbols,U+1D041,ùÅÅ,BYZANTINE MUSICAL SYMBOL PETASMA,images/U+1D041_BYZANTINE_MUSICAL_SYMBOL_PETASMA.png
Byzantine Musical Symbols,U+1D042,ùÅÇ,BYZANTINE MUSICAL SYMBOL KONTEVMA ALLO,images/U+1D042_BYZANTINE_MUSICAL_SYMBOL_KONTEVMA_ALLO.png
Byzantine Musical Symbols,U+1D043,ùÅÉ,BYZANTINE MUSICAL SYMBOL TROMIKON ALLO,images/U+1D043_BYZANTINE_MUSICAL_SYMBOL_TROMIKON_ALLO.png
Byzantine Musical Symbols,U+1D044,ùÅÑ,BYZANTINE MUSICAL SYMBOL STRAGGISMATA,images/U+1D044_BYZANTINE_MUSICAL_SYMBOL_STRAGGISMATA.png
Byzantine Musical Symbols,U+1D045,ùÅÖ,BYZANTINE MUSICAL SYMBOL GRONTHISMATA,images/U+1D045_BYZANTINE_MUSICAL_SYMBOL_GRONTHISMATA.png
Byzantine Musical Symbols,U+1D046,ùÅÜ,BYZANTINE MUSICAL SYMBOL ISON NEO,images/U+1D046_BYZANTINE_MUSICAL_SYMBOL_ISON_NEO.png
Byzantine Musical Symbols,U+1D047,ùÅá,BYZANTINE MUSICAL SYMBOL OLIGON NEO,images/U+1D047_BYZANTINE_MUSICAL_SYMBOL_OLIGON_NEO.png
Byzantine Musical Symbols,U+1D048,ùÅà,BYZANTINE MUSICAL SYMBOL OXEIA NEO,images/U+1D048_BYZANTINE_MUSICAL_SYMBOL_OXEIA_NEO.png
Byzantine Musical Symbols,U+1D049,ùÅâ,BYZANTINE MUSICAL SYMBOL PETASTI,images/U+1D049_BYZANTINE_MUSICAL_SYMBOL_PETASTI.png
Byzantine Musical Symbols,U+1D04A,ùÅä,BYZANTINE MUSICAL SYMBOL KOUFISMA,images/U+1D04A_BYZANTINE_MUSICAL_SYMBOL_KOUFISMA.png
Byzantine Musical Symbols,U+1D04B,ùÅã,BYZANTINE MUSICAL SYMBOL PETASTOKOUFISMA,images/U+1D04B_BYZANTINE_MUSICAL_SYMBOL_PETASTOKOUFISMA.png
Byzantine Musical Symbols,U+1D04C,ùÅå,BYZANTINE MUSICAL SYMBOL KRATIMOKOUFISMA,images/U+1D04C_BYZANTINE_MUSICAL_SYMBOL_KRATIMOKOUFISMA.png
Byzantine Musical Symbols,U+1D04D,ùÅç,BYZANTINE MUSICAL SYMBOL PELASTON NEO,images/U+1D04D_BYZANTINE_MUSICAL_SYMBOL_PELASTON_NEO.png
Byzantine Musical Symbols,U+1D04E,ùÅé,BYZANTINE MUSICAL SYMBOL KENTIMATA NEO ANO,images/U+1D04E_BYZANTINE_MUSICAL_SYMBOL_KENTIMATA_NEO_ANO.png
Byzantine Musical Symbols,U+1D04F,ùÅè,BYZANTINE MUSICAL SYMBOL KENTIMA NEO ANO,images/U+1D04F_BYZANTINE_MUSICAL_SYMBOL_KENTIMA_NEO_ANO.png
Byzantine Musical Symbols,U+1D050,ùÅê,BYZANTINE MUSICAL SYMBOL YPSILI,images/U+1D050_BYZANTINE_MUSICAL_SYMBOL_YPSILI.png
Byzantine Musical Symbols,U+1D051,ùÅë,BYZANTINE MUSICAL SYMBOL APOSTROFOS NEO,images/U+1D051_BYZANTINE_MUSICAL_SYMBOL_APOSTROFOS_NEO.png
Byzantine Musical Symbols,U+1D052,ùÅí,BYZANTINE MUSICAL SYMBOL APOSTROFOI SYNDESMOS NEO,images/U+1D052_BYZANTINE_MUSICAL_SYMBOL_APOSTROFOI_SYNDESMOS_NEO.png
Byzantine Musical Symbols,U+1D053,ùÅì,BYZANTINE MUSICAL SYMBOL YPORROI,images/U+1D053_BYZANTINE_MUSICAL_SYMBOL_YPORROI.png
Byzantine Musical Symbols,U+1D054,ùÅî,BYZANTINE MUSICAL SYMBOL KRATIMOYPORROON,images/U+1D054_BYZANTINE_MUSICAL_SYMBOL_KRATIMOYPORROON.png
Byzantine Musical Symbols,U+1D055,ùÅï,BYZANTINE MUSICAL SYMBOL ELAFRON,images/U+1D055_BYZANTINE_MUSICAL_SYMBOL_ELAFRON.png
Byzantine Musical Symbols,U+1D056,ùÅñ,BYZANTINE MUSICAL SYMBOL CHAMILI,images/U+1D056_BYZANTINE_MUSICAL_SYMBOL_CHAMILI.png
Byzantine Musical Symbols,U+1D057,ùÅó,BYZANTINE MUSICAL SYMBOL MIKRON ISON,images/U+1D057_BYZANTINE_MUSICAL_SYMBOL_MIKRON_ISON.png
Byzantine Musical Symbols,U+1D058,ùÅò,BYZANTINE MUSICAL SYMBOL VAREIA NEO,images/U+1D058_BYZANTINE_MUSICAL_SYMBOL_VAREIA_NEO.png
Byzantine Musical Symbols,U+1D059,ùÅô,BYZANTINE MUSICAL SYMBOL PIASMA NEO,images/U+1D059_BYZANTINE_MUSICAL_SYMBOL_PIASMA_NEO.png
Byzantine Musical Symbols,U+1D05A,ùÅö,BYZANTINE MUSICAL SYMBOL PSIFISTON NEO,images/U+1D05A_BYZANTINE_MUSICAL_SYMBOL_PSIFISTON_NEO.png
Byzantine Musical Symbols,U+1D05B,ùÅõ,BYZANTINE MUSICAL SYMBOL OMALON,images/U+1D05B_BYZANTINE_MUSICAL_SYMBOL_OMALON.png
Byzantine Musical Symbols,U+1D05C,ùÅú,BYZANTINE MUSICAL SYMBOL ANTIKENOMA,images/U+1D05C_BYZANTINE_MUSICAL_SYMBOL_ANTIKENOMA.png
Byzantine Musical Symbols,U+1D05D,ùÅù,BYZANTINE MUSICAL SYMBOL LYGISMA,images/U+1D05D_BYZANTINE_MUSICAL_SYMBOL_LYGISMA.png
Byzantine Musical Symbols,U+1D05E,ùÅû,BYZANTINE MUSICAL SYMBOL PARAKLITIKI NEO,images/U+1D05E_BYZANTINE_MUSICAL_SYMBOL_PARAKLITIKI_NEO.png
Byzantine Musical Symbols,U+1D05F,ùÅü,BYZANTINE MUSICAL SYMBOL PARAKALESMA NEO,images/U+1D05F_BYZANTINE_MUSICAL_SYMBOL_PARAKALESMA_NEO.png
Byzantine Musical Symbols,U+1D060,ùÅ†,BYZANTINE MUSICAL SYMBOL ETERON PARAKALESMA,images/U+1D060_BYZANTINE_MUSICAL_SYMBOL_ETERON_PARAKALESMA.png
Byzantine Musical Symbols,U+1D061,ùÅ°,BYZANTINE MUSICAL SYMBOL KYLISMA,images/U+1D061_BYZANTINE_MUSICAL_SYMBOL_KYLISMA.png
Byzantine Musical Symbols,U+1D062,ùÅ¢,BYZANTINE MUSICAL SYMBOL ANTIKENOKYLISMA,images/U+1D062_BYZANTINE_MUSICAL_SYMBOL_ANTIKENOKYLISMA.png
Byzantine Musical Symbols,U+1D063,ùÅ£,BYZANTINE MUSICAL SYMBOL TROMIKON NEO,images/U+1D063_BYZANTINE_MUSICAL_SYMBOL_TROMIKON_NEO.png
Byzantine Musical Symbols,U+1D064,ùÅ§,BYZANTINE MUSICAL SYMBOL EKSTREPTON,images/U+1D064_BYZANTINE_MUSICAL_SYMBOL_EKSTREPTON.png
Byzantine Musical Symbols,U+1D065,ùÅ•,BYZANTINE MUSICAL SYMBOL SYNAGMA NEO,images/U+1D065_BYZANTINE_MUSICAL_SYMBOL_SYNAGMA_NEO.png
Byzantine Musical Symbols,U+1D066,ùÅ¶,BYZANTINE MUSICAL SYMBOL SYRMA,images/U+1D066_BYZANTINE_MUSICAL_SYMBOL_SYRMA.png
Byzantine Musical Symbols,U+1D067,ùÅß,BYZANTINE MUSICAL SYMBOL CHOREVMA NEO,images/U+1D067_BYZANTINE_MUSICAL_SYMBOL_CHOREVMA_NEO.png
Byzantine Musical Symbols,U+1D068,ùÅ®,BYZANTINE MUSICAL SYMBOL EPEGERMA,images/U+1D068_BYZANTINE_MUSICAL_SYMBOL_EPEGERMA.png
Byzantine Musical Symbols,U+1D069,ùÅ©,BYZANTINE MUSICAL SYMBOL SEISMA NEO,images/U+1D069_BYZANTINE_MUSICAL_SYMBOL_SEISMA_NEO.png
Byzantine Musical Symbols,U+1D06A,ùÅ™,BYZANTINE MUSICAL SYMBOL XIRON KLASMA,images/U+1D06A_BYZANTINE_MUSICAL_SYMBOL_XIRON_KLASMA.png
Byzantine Musical Symbols,U+1D06B,ùÅ´,BYZANTINE MUSICAL SYMBOL TROMIKOPSIFISTON,images/U+1D06B_BYZANTINE_MUSICAL_SYMBOL_TROMIKOPSIFISTON.png
Byzantine Musical Symbols,U+1D06C,ùÅ¨,BYZANTINE MUSICAL SYMBOL PSIFISTOLYGISMA,images/U+1D06C_BYZANTINE_MUSICAL_SYMBOL_PSIFISTOLYGISMA.png
Byzantine Musical Symbols,U+1D06D,ùÅ≠,BYZANTINE MUSICAL SYMBOL TROMIKOLYGISMA,images/U+1D06D_BYZANTINE_MUSICAL_SYMBOL_TROMIKOLYGISMA.png
Byzantine Musical Symbols,U+1D06E,ùÅÆ,BYZANTINE MUSICAL SYMBOL TROMIKOPARAKALESMA,images/U+1D06E_BYZANTINE_MUSICAL_SYMBOL_TROMIKOPARAKALESMA.png
Byzantine Musical Symbols,U+1D06F,ùÅØ,BYZANTINE MUSICAL SYMBOL PSIFISTOPARAKALESMA,images/U+1D06F_BYZANTINE_MUSICAL_SYMBOL_PSIFISTOPARAKALESMA.png
Byzantine Musical Symbols,U+1D070,ùÅ∞,BYZANTINE MUSICAL SYMBOL TROMIKOSYNAGMA,images/U+1D070_BYZANTINE_MUSICAL_SYMBOL_TROMIKOSYNAGMA.png
Byzantine Musical Symbols,U+1D071,ùÅ±,BYZANTINE MUSICAL SYMBOL PSIFISTOSYNAGMA,images/U+1D071_BYZANTINE_MUSICAL_SYMBOL_PSIFISTOSYNAGMA.png
Byzantine Musical Symbols,U+1D072,ùÅ≤,BYZANTINE MUSICAL SYMBOL GORGOSYNTHETON,images/U+1D072_BYZANTINE_MUSICAL_SYMBOL_GORGOSYNTHETON.png
Byzantine Musical Symbols,U+1D073,ùÅ≥,BYZANTINE MUSICAL SYMBOL ARGOSYNTHETON,images/U+1D073_BYZANTINE_MUSICAL_SYMBOL_ARGOSYNTHETON.png
Byzantine Musical Symbols,U+1D074,ùÅ¥,BYZANTINE MUSICAL SYMBOL ETERON ARGOSYNTHETON,images/U+1D074_BYZANTINE_MUSICAL_SYMBOL_ETERON_ARGOSYNTHETON.png
Byzantine Musical Symbols,U+1D075,ùÅµ,BYZANTINE MUSICAL SYMBOL OYRANISMA NEO,images/U+1D075_BYZANTINE_MUSICAL_SYMBOL_OYRANISMA_NEO.png
Byzantine Musical Symbols,U+1D076,ùÅ∂,BYZANTINE MUSICAL SYMBOL THEMATISMOS ESO,images/U+1D076_BYZANTINE_MUSICAL_SYMBOL_THEMATISMOS_ESO.png
Byzantine Musical Symbols,U+1D077,ùÅ∑,BYZANTINE MUSICAL SYMBOL THEMATISMOS EXO,images/U+1D077_BYZANTINE_MUSICAL_SYMBOL_THEMATISMOS_EXO.png
Byzantine Musical Symbols,U+1D078,ùÅ∏,BYZANTINE MUSICAL SYMBOL THEMA APLOUN,images/U+1D078_BYZANTINE_MUSICAL_SYMBOL_THEMA_APLOUN.png
Byzantine Musical Symbols,U+1D079,ùÅπ,BYZANTINE MUSICAL SYMBOL THES KAI APOTHES,images/U+1D079_BYZANTINE_MUSICAL_SYMBOL_THES_KAI_APOTHES.png
Byzantine Musical Symbols,U+1D07A,ùÅ∫,BYZANTINE MUSICAL SYMBOL KATAVASMA,images/U+1D07A_BYZANTINE_MUSICAL_SYMBOL_KATAVASMA.png
Byzantine Musical Symbols,U+1D07B,ùÅª,BYZANTINE MUSICAL SYMBOL ENDOFONON,images/U+1D07B_BYZANTINE_MUSICAL_SYMBOL_ENDOFONON.png
Byzantine Musical Symbols,U+1D07C,ùÅº,BYZANTINE MUSICAL SYMBOL YFEN KATO,images/U+1D07C_BYZANTINE_MUSICAL_SYMBOL_YFEN_KATO.png
Byzantine Musical Symbols,U+1D07D,ùÅΩ,BYZANTINE MUSICAL SYMBOL YFEN ANO,images/U+1D07D_BYZANTINE_MUSICAL_SYMBOL_YFEN_ANO.png
Byzantine Musical Symbols,U+1D07E,ùÅæ,BYZANTINE MUSICAL SYMBOL STAVROS,images/U+1D07E_BYZANTINE_MUSICAL_SYMBOL_STAVROS.png
Byzantine Musical Symbols,U+1D07F,ùÅø,BYZANTINE MUSICAL SYMBOL KLASMA ANO,images/U+1D07F_BYZANTINE_MUSICAL_SYMBOL_KLASMA_ANO.png
Byzantine Musical Symbols,U+1D080,ùÇÄ,BYZANTINE MUSICAL SYMBOL DIPLI ARCHAION,images/U+1D080_BYZANTINE_MUSICAL_SYMBOL_DIPLI_ARCHAION.png
Byzantine Musical Symbols,U+1D081,ùÇÅ,BYZANTINE MUSICAL SYMBOL KRATIMA ARCHAION,images/U+1D081_BYZANTINE_MUSICAL_SYMBOL_KRATIMA_ARCHAION.png
Byzantine Musical Symbols,U+1D082,ùÇÇ,BYZANTINE MUSICAL SYMBOL KRATIMA ALLO,images/U+1D082_BYZANTINE_MUSICAL_SYMBOL_KRATIMA_ALLO.png
Byzantine Musical Symbols,U+1D083,ùÇÉ,BYZANTINE MUSICAL SYMBOL KRATIMA NEO,images/U+1D083_BYZANTINE_MUSICAL_SYMBOL_KRATIMA_NEO.png
Byzantine Musical Symbols,U+1D084,ùÇÑ,BYZANTINE MUSICAL SYMBOL APODERMA NEO,images/U+1D084_BYZANTINE_MUSICAL_SYMBOL_APODERMA_NEO.png
Byzantine Musical Symbols,U+1D085,ùÇÖ,BYZANTINE MUSICAL SYMBOL APLI,images/U+1D085_BYZANTINE_MUSICAL_SYMBOL_APLI.png
Byzantine Musical Symbols,U+1D086,ùÇÜ,BYZANTINE MUSICAL SYMBOL DIPLI,images/U+1D086_BYZANTINE_MUSICAL_SYMBOL_DIPLI.png
Byzantine Musical Symbols,U+1D087,ùÇá,BYZANTINE MUSICAL SYMBOL TRIPLI,images/U+1D087_BYZANTINE_MUSICAL_SYMBOL_TRIPLI.png
Byzantine Musical Symbols,U+1D088,ùÇà,BYZANTINE MUSICAL SYMBOL TETRAPLI,images/U+1D088_BYZANTINE_MUSICAL_SYMBOL_TETRAPLI.png
Byzantine Musical Symbols,U+1D089,ùÇâ,BYZANTINE MUSICAL SYMBOL KORONIS,images/U+1D089_BYZANTINE_MUSICAL_SYMBOL_KORONIS.png
Byzantine Musical Symbols,U+1D08A,ùÇä,BYZANTINE MUSICAL SYMBOL LEIMMA ENOS CHRONOU,images/U+1D08A_BYZANTINE_MUSICAL_SYMBOL_LEIMMA_ENOS_CHRONOU.png
Byzantine Musical Symbols,U+1D08B,ùÇã,BYZANTINE MUSICAL SYMBOL LEIMMA DYO CHRONON,images/U+1D08B_BYZANTINE_MUSICAL_SYMBOL_LEIMMA_DYO_CHRONON.png
Byzantine Musical Symbols,U+1D08C,ùÇå,BYZANTINE MUSICAL SYMBOL LEIMMA TRION CHRONON,images/U+1D08C_BYZANTINE_MUSICAL_SYMBOL_LEIMMA_TRION_CHRONON.png
Byzantine Musical Symbols,U+1D08D,ùÇç,BYZANTINE MUSICAL SYMBOL LEIMMA TESSARON CHRONON,images/U+1D08D_BYZANTINE_MUSICAL_SYMBOL_LEIMMA_TESSARON_CHRONON.png
Byzantine Musical Symbols,U+1D08E,ùÇé,BYZANTINE MUSICAL SYMBOL LEIMMA IMISEOS CHRONOU,images/U+1D08E_BYZANTINE_MUSICAL_SYMBOL_LEIMMA_IMISEOS_CHRONOU.png
Byzantine Musical Symbols,U+1D08F,ùÇè,BYZANTINE MUSICAL SYMBOL GORGON NEO ANO,images/U+1D08F_BYZANTINE_MUSICAL_SYMBOL_GORGON_NEO_ANO.png
Byzantine Musical Symbols,U+1D090,ùÇê,BYZANTINE MUSICAL SYMBOL GORGON PARESTIGMENON ARISTERA,images/U+1D090_BYZANTINE_MUSICAL_SYMBOL_GORGON_PARESTIGMENON_ARISTERA.png
Byzantine Musical Symbols,U+1D091,ùÇë,BYZANTINE MUSICAL SYMBOL GORGON PARESTIGMENON DEXIA,images/U+1D091_BYZANTINE_MUSICAL_SYMBOL_GORGON_PARESTIGMENON_DEXIA.png
Byzantine Musical Symbols,U+1D092,ùÇí,BYZANTINE MUSICAL SYMBOL DIGORGON,images/U+1D092_BYZANTINE_MUSICAL_SYMBOL_DIGORGON.png
Byzantine Musical Symbols,U+1D093,ùÇì,BYZANTINE MUSICAL SYMBOL DIGORGON PARESTIGMENON ARISTERA KATO,images/U+1D093_BYZANTINE_MUSICAL_SYMBOL_DIGORGON_PARESTIGMENON_ARISTERA_KATO.png
Byzantine Musical Symbols,U+1D094,ùÇî,BYZANTINE MUSICAL SYMBOL DIGORGON PARESTIGMENON ARISTERA ANO,images/U+1D094_BYZANTINE_MUSICAL_SYMBOL_DIGORGON_PARESTIGMENON_ARISTERA_ANO.png
Byzantine Musical Symbols,U+1D095,ùÇï,BYZANTINE MUSICAL SYMBOL DIGORGON PARESTIGMENON DEXIA,images/U+1D095_BYZANTINE_MUSICAL_SYMBOL_DIGORGON_PARESTIGMENON_DEXIA.png
Byzantine Musical Symbols,U+1D096,ùÇñ,BYZANTINE MUSICAL SYMBOL TRIGORGON,images/U+1D096_BYZANTINE_MUSICAL_SYMBOL_TRIGORGON.png
Byzantine Musical Symbols,U+1D097,ùÇó,BYZANTINE MUSICAL SYMBOL ARGON,images/U+1D097_BYZANTINE_MUSICAL_SYMBOL_ARGON.png
Byzantine Musical Symbols,U+1D098,ùÇò,BYZANTINE MUSICAL SYMBOL IMIDIARGON,images/U+1D098_BYZANTINE_MUSICAL_SYMBOL_IMIDIARGON.png
Byzantine Musical Symbols,U+1D099,ùÇô,BYZANTINE MUSICAL SYMBOL DIARGON,images/U+1D099_BYZANTINE_MUSICAL_SYMBOL_DIARGON.png
Byzantine Musical Symbols,U+1D09A,ùÇö,BYZANTINE MUSICAL SYMBOL AGOGI POLI ARGI,images/U+1D09A_BYZANTINE_MUSICAL_SYMBOL_AGOGI_POLI_ARGI.png
Byzantine Musical Symbols,U+1D09B,ùÇõ,BYZANTINE MUSICAL SYMBOL AGOGI ARGOTERI,images/U+1D09B_BYZANTINE_MUSICAL_SYMBOL_AGOGI_ARGOTERI.png
Byzantine Musical Symbols,U+1D09C,ùÇú,BYZANTINE MUSICAL SYMBOL AGOGI ARGI,images/U+1D09C_BYZANTINE_MUSICAL_SYMBOL_AGOGI_ARGI.png
Byzantine Musical Symbols,U+1D09D,ùÇù,BYZANTINE MUSICAL SYMBOL AGOGI METRIA,images/U+1D09D_BYZANTINE_MUSICAL_SYMBOL_AGOGI_METRIA.png
Byzantine Musical Symbols,U+1D09E,ùÇû,BYZANTINE MUSICAL SYMBOL AGOGI MESI,images/U+1D09E_BYZANTINE_MUSICAL_SYMBOL_AGOGI_MESI.png
Byzantine Musical Symbols,U+1D09F,ùÇü,BYZANTINE MUSICAL SYMBOL AGOGI GORGI,images/U+1D09F_BYZANTINE_MUSICAL_SYMBOL_AGOGI_GORGI.png
Byzantine Musical Symbols,U+1D0A0,ùÇ†,BYZANTINE MUSICAL SYMBOL AGOGI GORGOTERI,images/U+1D0A0_BYZANTINE_MUSICAL_SYMBOL_AGOGI_GORGOTERI.png
Byzantine Musical Symbols,U+1D0A1,ùÇ°,BYZANTINE MUSICAL SYMBOL AGOGI POLI GORGI,images/U+1D0A1_BYZANTINE_MUSICAL_SYMBOL_AGOGI_POLI_GORGI.png
Byzantine Musical Symbols,U+1D0A2,ùÇ¢,BYZANTINE MUSICAL SYMBOL MARTYRIA PROTOS ICHOS,images/U+1D0A2_BYZANTINE_MUSICAL_SYMBOL_MARTYRIA_PROTOS_ICHOS.png
Byzantine Musical Symbols,U+1D0A3,ùÇ£,BYZANTINE MUSICAL SYMBOL MARTYRIA ALLI PROTOS ICHOS,images/U+1D0A3_BYZANTINE_MUSICAL_SYMBOL_MARTYRIA_ALLI_PROTOS_ICHOS.png
Byzantine Musical Symbols,U+1D0A4,ùÇ§,BYZANTINE MUSICAL SYMBOL MARTYRIA DEYTEROS ICHOS,images/U+1D0A4_BYZANTINE_MUSICAL_SYMBOL_MARTYRIA_DEYTEROS_ICHOS.png
Byzantine Musical Symbols,U+1D0A5,ùÇ•,BYZANTINE MUSICAL SYMBOL MARTYRIA ALLI DEYTEROS ICHOS,images/U+1D0A5_BYZANTINE_MUSICAL_SYMBOL_MARTYRIA_ALLI_DEYTEROS_ICHOS.png
Byzantine Musical Symbols,U+1D0A6,ùÇ¶,BYZANTINE MUSICAL SYMBOL MARTYRIA TRITOS ICHOS,images/U+1D0A6_BYZANTINE_MUSICAL_SYMBOL_MARTYRIA_TRITOS_ICHOS.png
Byzantine Musical Symbols,U+1D0A7,ùÇß,BYZANTINE MUSICAL SYMBOL MARTYRIA TRIFONIAS,images/U+1D0A7_BYZANTINE_MUSICAL_SYMBOL_MARTYRIA_TRIFONIAS.png
Byzantine Musical Symbols,U+1D0A8,ùÇ®,BYZANTINE MUSICAL SYMBOL MARTYRIA TETARTOS ICHOS,images/U+1D0A8_BYZANTINE_MUSICAL_SYMBOL_MARTYRIA_TETARTOS_ICHOS.png
Byzantine Musical Symbols,U+1D0A9,ùÇ©,BYZANTINE MUSICAL SYMBOL MARTYRIA TETARTOS LEGETOS ICHOS,images/U+1D0A9_BYZANTINE_MUSICAL_SYMBOL_MARTYRIA_TETARTOS_LEGETOS_ICHOS.png
Byzantine Musical Symbols,U+1D0AA,ùÇ™,BYZANTINE MUSICAL SYMBOL MARTYRIA LEGETOS ICHOS,images/U+1D0AA_BYZANTINE_MUSICAL_SYMBOL_MARTYRIA_LEGETOS_ICHOS.png
Byzantine Musical Symbols,U+1D0AB,ùÇ´,BYZANTINE MUSICAL SYMBOL MARTYRIA PLAGIOS ICHOS,images/U+1D0AB_BYZANTINE_MUSICAL_SYMBOL_MARTYRIA_PLAGIOS_ICHOS.png
Byzantine Musical Symbols,U+1D0AC,ùÇ¨,BYZANTINE MUSICAL SYMBOL ISAKIA TELOUS ICHIMATOS,images/U+1D0AC_BYZANTINE_MUSICAL_SYMBOL_ISAKIA_TELOUS_ICHIMATOS.png
Byzantine Musical Symbols,U+1D0AD,ùÇ≠,BYZANTINE MUSICAL SYMBOL APOSTROFOI TELOUS ICHIMATOS,images/U+1D0AD_BYZANTINE_MUSICAL_SYMBOL_APOSTROFOI_TELOUS_ICHIMATOS.png
Byzantine Musical Symbols,U+1D0AE,ùÇÆ,BYZANTINE MUSICAL SYMBOL FANEROSIS TETRAFONIAS,images/U+1D0AE_BYZANTINE_MUSICAL_SYMBOL_FANEROSIS_TETRAFONIAS.png
Byzantine Musical Symbols,U+1D0AF,ùÇØ,BYZANTINE MUSICAL SYMBOL FANEROSIS MONOFONIAS,images/U+1D0AF_BYZANTINE_MUSICAL_SYMBOL_FANEROSIS_MONOFONIAS.png
Byzantine Musical Symbols,U+1D0B0,ùÇ∞,BYZANTINE MUSICAL SYMBOL FANEROSIS DIFONIAS,images/U+1D0B0_BYZANTINE_MUSICAL_SYMBOL_FANEROSIS_DIFONIAS.png
Byzantine Musical Symbols,U+1D0B1,ùÇ±,BYZANTINE MUSICAL SYMBOL MARTYRIA VARYS ICHOS,images/U+1D0B1_BYZANTINE_MUSICAL_SYMBOL_MARTYRIA_VARYS_ICHOS.png
Byzantine Musical Symbols,U+1D0B2,ùÇ≤,BYZANTINE MUSICAL SYMBOL MARTYRIA PROTOVARYS ICHOS,images/U+1D0B2_BYZANTINE_MUSICAL_SYMBOL_MARTYRIA_PROTOVARYS_ICHOS.png
Byzantine Musical Symbols,U+1D0B3,ùÇ≥,BYZANTINE MUSICAL SYMBOL MARTYRIA PLAGIOS TETARTOS ICHOS,images/U+1D0B3_BYZANTINE_MUSICAL_SYMBOL_MARTYRIA_PLAGIOS_TETARTOS_ICHOS.png
Byzantine Musical Symbols,U+1D0B4,ùÇ¥,BYZANTINE MUSICAL SYMBOL GORTHMIKON N APLOUN,images/U+1D0B4_BYZANTINE_MUSICAL_SYMBOL_GORTHMIKON_N_APLOUN.png
Byzantine Musical Symbols,U+1D0B5,ùÇµ,BYZANTINE MUSICAL SYMBOL GORTHMIKON N DIPLOUN,images/U+1D0B5_BYZANTINE_MUSICAL_SYMBOL_GORTHMIKON_N_DIPLOUN.png
Byzantine Musical Symbols,U+1D0B6,ùÇ∂,BYZANTINE MUSICAL SYMBOL ENARXIS KAI FTHORA VOU,images/U+1D0B6_BYZANTINE_MUSICAL_SYMBOL_ENARXIS_KAI_FTHORA_VOU.png
Byzantine Musical Symbols,U+1D0B7,ùÇ∑,BYZANTINE MUSICAL SYMBOL IMIFONON,images/U+1D0B7_BYZANTINE_MUSICAL_SYMBOL_IMIFONON.png
Byzantine Musical Symbols,U+1D0B8,ùÇ∏,BYZANTINE MUSICAL SYMBOL IMIFTHORON,images/U+1D0B8_BYZANTINE_MUSICAL_SYMBOL_IMIFTHORON.png
Byzantine Musical Symbols,U+1D0B9,ùÇπ,BYZANTINE MUSICAL SYMBOL FTHORA ARCHAION DEYTEROU ICHOU,images/U+1D0B9_BYZANTINE_MUSICAL_SYMBOL_FTHORA_ARCHAION_DEYTEROU_ICHOU.png
Byzantine Musical Symbols,U+1D0BA,ùÇ∫,BYZANTINE MUSICAL SYMBOL FTHORA DIATONIKI PA,images/U+1D0BA_BYZANTINE_MUSICAL_SYMBOL_FTHORA_DIATONIKI_PA.png
Byzantine Musical Symbols,U+1D0BB,ùÇª,BYZANTINE MUSICAL SYMBOL FTHORA DIATONIKI NANA,images/U+1D0BB_BYZANTINE_MUSICAL_SYMBOL_FTHORA_DIATONIKI_NANA.png
Byzantine Musical Symbols,U+1D0BC,ùÇº,BYZANTINE MUSICAL SYMBOL FTHORA NAOS ICHOS,images/U+1D0BC_BYZANTINE_MUSICAL_SYMBOL_FTHORA_NAOS_ICHOS.png
Byzantine Musical Symbols,U+1D0BD,ùÇΩ,BYZANTINE MUSICAL SYMBOL FTHORA DIATONIKI DI,images/U+1D0BD_BYZANTINE_MUSICAL_SYMBOL_FTHORA_DIATONIKI_DI.png
Byzantine Musical Symbols,U+1D0BE,ùÇæ,BYZANTINE MUSICAL SYMBOL FTHORA SKLIRON DIATONON DI,images/U+1D0BE_BYZANTINE_MUSICAL_SYMBOL_FTHORA_SKLIRON_DIATONON_DI.png
Byzantine Musical Symbols,U+1D0BF,ùÇø,BYZANTINE MUSICAL SYMBOL FTHORA DIATONIKI KE,images/U+1D0BF_BYZANTINE_MUSICAL_SYMBOL_FTHORA_DIATONIKI_KE.png
Byzantine Musical Symbols,U+1D0C0,ùÉÄ,BYZANTINE MUSICAL SYMBOL FTHORA DIATONIKI ZO,images/U+1D0C0_BYZANTINE_MUSICAL_SYMBOL_FTHORA_DIATONIKI_ZO.png
Byzantine Musical Symbols,U+1D0C1,ùÉÅ,BYZANTINE MUSICAL SYMBOL FTHORA DIATONIKI NI KATO,images/U+1D0C1_BYZANTINE_MUSICAL_SYMBOL_FTHORA_DIATONIKI_NI_KATO.png
Byzantine Musical Symbols,U+1D0C2,ùÉÇ,BYZANTINE MUSICAL SYMBOL FTHORA DIATONIKI NI ANO,images/U+1D0C2_BYZANTINE_MUSICAL_SYMBOL_FTHORA_DIATONIKI_NI_ANO.png
Byzantine Musical Symbols,U+1D0C3,ùÉÉ,BYZANTINE MUSICAL SYMBOL FTHORA MALAKON CHROMA DIFONIAS,images/U+1D0C3_BYZANTINE_MUSICAL_SYMBOL_FTHORA_MALAKON_CHROMA_DIFONIAS.png
Byzantine Musical Symbols,U+1D0C4,ùÉÑ,BYZANTINE MUSICAL SYMBOL FTHORA MALAKON CHROMA MONOFONIAS,images/U+1D0C4_BYZANTINE_MUSICAL_SYMBOL_FTHORA_MALAKON_CHROMA_MONOFONIAS.png
Byzantine Musical Symbols,U+1D0C5,ùÉÖ,BYZANTINE MUSICAL SYMBOL FHTORA SKLIRON CHROMA VASIS,images/U+1D0C5_BYZANTINE_MUSICAL_SYMBOL_FHTORA_SKLIRON_CHROMA_VASIS.png
Byzantine Musical Symbols,U+1D0C6,ùÉÜ,BYZANTINE MUSICAL SYMBOL FTHORA SKLIRON CHROMA SYNAFI,images/U+1D0C6_BYZANTINE_MUSICAL_SYMBOL_FTHORA_SKLIRON_CHROMA_SYNAFI.png
Byzantine Musical Symbols,U+1D0C7,ùÉá,BYZANTINE MUSICAL SYMBOL FTHORA NENANO,images/U+1D0C7_BYZANTINE_MUSICAL_SYMBOL_FTHORA_NENANO.png
Byzantine Musical Symbols,U+1D0C8,ùÉà,BYZANTINE MUSICAL SYMBOL CHROA ZYGOS,images/U+1D0C8_BYZANTINE_MUSICAL_SYMBOL_CHROA_ZYGOS.png
Byzantine Musical Symbols,U+1D0C9,ùÉâ,BYZANTINE MUSICAL SYMBOL CHROA KLITON,images/U+1D0C9_BYZANTINE_MUSICAL_SYMBOL_CHROA_KLITON.png
Byzantine Musical Symbols,U+1D0CA,ùÉä,BYZANTINE MUSICAL SYMBOL CHROA SPATHI,images/U+1D0CA_BYZANTINE_MUSICAL_SYMBOL_CHROA_SPATHI.png
Byzantine Musical Symbols,U+1D0CB,ùÉã,BYZANTINE MUSICAL SYMBOL FTHORA I YFESIS TETARTIMORION,images/U+1D0CB_BYZANTINE_MUSICAL_SYMBOL_FTHORA_I_YFESIS_TETARTIMORION.png
Byzantine Musical Symbols,U+1D0CC,ùÉå,BYZANTINE MUSICAL SYMBOL FTHORA ENARMONIOS ANTIFONIA,images/U+1D0CC_BYZANTINE_MUSICAL_SYMBOL_FTHORA_ENARMONIOS_ANTIFONIA.png
Byzantine Musical Symbols,U+1D0CD,ùÉç,BYZANTINE MUSICAL SYMBOL YFESIS TRITIMORION,images/U+1D0CD_BYZANTINE_MUSICAL_SYMBOL_YFESIS_TRITIMORION.png
Byzantine Musical Symbols,U+1D0CE,ùÉé,BYZANTINE MUSICAL SYMBOL DIESIS TRITIMORION,images/U+1D0CE_BYZANTINE_MUSICAL_SYMBOL_DIESIS_TRITIMORION.png
Byzantine Musical Symbols,U+1D0CF,ùÉè,BYZANTINE MUSICAL SYMBOL DIESIS TETARTIMORION,images/U+1D0CF_BYZANTINE_MUSICAL_SYMBOL_DIESIS_TETARTIMORION.png
Byzantine Musical Symbols,U+1D0D0,ùÉê,BYZANTINE MUSICAL SYMBOL DIESIS APLI DYO DODEKATA,images/U+1D0D0_BYZANTINE_MUSICAL_SYMBOL_DIESIS_APLI_DYO_DODEKATA.png
Byzantine Musical Symbols,U+1D0D1,ùÉë,BYZANTINE MUSICAL SYMBOL DIESIS MONOGRAMMOS TESSERA DODEKATA,images/U+1D0D1_BYZANTINE_MUSICAL_SYMBOL_DIESIS_MONOGRAMMOS_TESSERA_DODEKATA.png
Byzantine Musical Symbols,U+1D0D2,ùÉí,BYZANTINE MUSICAL SYMBOL DIESIS DIGRAMMOS EX DODEKATA,images/U+1D0D2_BYZANTINE_MUSICAL_SYMBOL_DIESIS_DIGRAMMOS_EX_DODEKATA.png
Byzantine Musical Symbols,U+1D0D3,ùÉì,BYZANTINE MUSICAL SYMBOL DIESIS TRIGRAMMOS OKTO DODEKATA,images/U+1D0D3_BYZANTINE_MUSICAL_SYMBOL_DIESIS_TRIGRAMMOS_OKTO_DODEKATA.png
Byzantine Musical Symbols,U+1D0D4,ùÉî,BYZANTINE MUSICAL SYMBOL YFESIS APLI DYO DODEKATA,images/U+1D0D4_BYZANTINE_MUSICAL_SYMBOL_YFESIS_APLI_DYO_DODEKATA.png
Byzantine Musical Symbols,U+1D0D5,ùÉï,BYZANTINE MUSICAL SYMBOL YFESIS MONOGRAMMOS TESSERA DODEKATA,images/U+1D0D5_BYZANTINE_MUSICAL_SYMBOL_YFESIS_MONOGRAMMOS_TESSERA_DODEKATA.png
Byzantine Musical Symbols,U+1D0D6,ùÉñ,BYZANTINE MUSICAL SYMBOL YFESIS DIGRAMMOS EX DODEKATA,images/U+1D0D6_BYZANTINE_MUSICAL_SYMBOL_YFESIS_DIGRAMMOS_EX_DODEKATA.png
Byzantine Musical Symbols,U+1D0D7,ùÉó,BYZANTINE MUSICAL SYMBOL YFESIS TRIGRAMMOS OKTO DODEKATA,images/U+1D0D7_BYZANTINE_MUSICAL_SYMBOL_YFESIS_TRIGRAMMOS_OKTO_DODEKATA.png
Byzantine Musical Symbols,U+1D0D8,ùÉò,BYZANTINE MUSICAL SYMBOL GENIKI DIESIS,images/U+1D0D8_BYZANTINE_MUSICAL_SYMBOL_GENIKI_DIESIS.png
Byzantine Musical Symbols,U+1D0D9,ùÉô,BYZANTINE MUSICAL SYMBOL GENIKI YFESIS,images/U+1D0D9_BYZANTINE_MUSICAL_SYMBOL_GENIKI_YFESIS.png
Byzantine Musical Symbols,U+1D0DA,ùÉö,BYZANTINE MUSICAL SYMBOL DIASTOLI APLI MIKRI,images/U+1D0DA_BYZANTINE_MUSICAL_SYMBOL_DIASTOLI_APLI_MIKRI.png
Byzantine Musical Symbols,U+1D0DB,ùÉõ,BYZANTINE MUSICAL SYMBOL DIASTOLI APLI MEGALI,images/U+1D0DB_BYZANTINE_MUSICAL_SYMBOL_DIASTOLI_APLI_MEGALI.png
Byzantine Musical Symbols,U+1D0DC,ùÉú,BYZANTINE MUSICAL SYMBOL DIASTOLI DIPLI,images/U+1D0DC_BYZANTINE_MUSICAL_SYMBOL_DIASTOLI_DIPLI.png
Byzantine Musical Symbols,U+1D0DD,ùÉù,BYZANTINE MUSICAL SYMBOL DIASTOLI THESEOS,images/U+1D0DD_BYZANTINE_MUSICAL_SYMBOL_DIASTOLI_THESEOS.png
Byzantine Musical Symbols,U+1D0DE,ùÉû,BYZANTINE MUSICAL SYMBOL SIMANSIS THESEOS,images/U+1D0DE_BYZANTINE_MUSICAL_SYMBOL_SIMANSIS_THESEOS.png
Byzantine Musical Symbols,U+1D0DF,ùÉü,BYZANTINE MUSICAL SYMBOL SIMANSIS THESEOS DISIMOU,images/U+1D0DF_BYZANTINE_MUSICAL_SYMBOL_SIMANSIS_THESEOS_DISIMOU.png
Byzantine Musical Symbols,U+1D0E0,ùÉ†,BYZANTINE MUSICAL SYMBOL SIMANSIS THESEOS TRISIMOU,images/U+1D0E0_BYZANTINE_MUSICAL_SYMBOL_SIMANSIS_THESEOS_TRISIMOU.png
Byzantine Musical Symbols,U+1D0E1,ùÉ°,BYZANTINE MUSICAL SYMBOL SIMANSIS THESEOS TETRASIMOU,images/U+1D0E1_BYZANTINE_MUSICAL_SYMBOL_SIMANSIS_THESEOS_TETRASIMOU.png
Byzantine Musical Symbols,U+1D0E2,ùÉ¢,BYZANTINE MUSICAL SYMBOL SIMANSIS ARSEOS,images/U+1D0E2_BYZANTINE_MUSICAL_SYMBOL_SIMANSIS_ARSEOS.png
Byzantine Musical Symbols,U+1D0E3,ùÉ£,BYZANTINE MUSICAL SYMBOL SIMANSIS ARSEOS DISIMOU,images/U+1D0E3_BYZANTINE_MUSICAL_SYMBOL_SIMANSIS_ARSEOS_DISIMOU.png
Byzantine Musical Symbols,U+1D0E4,ùÉ§,BYZANTINE MUSICAL SYMBOL SIMANSIS ARSEOS TRISIMOU,images/U+1D0E4_BYZANTINE_MUSICAL_SYMBOL_SIMANSIS_ARSEOS_TRISIMOU.png
Byzantine Musical Symbols,U+1D0E5,ùÉ•,BYZANTINE MUSICAL SYMBOL SIMANSIS ARSEOS TETRASIMOU,images/U+1D0E5_BYZANTINE_MUSICAL_SYMBOL_SIMANSIS_ARSEOS_TETRASIMOU.png
Byzantine Musical Symbols,U+1D0E6,ùÉ¶,BYZANTINE MUSICAL SYMBOL DIGRAMMA GG,images/U+1D0E6_BYZANTINE_MUSICAL_SYMBOL_DIGRAMMA_GG.png
Byzantine Musical Symbols,U+1D0E7,ùÉß,BYZANTINE MUSICAL SYMBOL DIFTOGGOS OU,images/U+1D0E7_BYZANTINE_MUSICAL_SYMBOL_DIFTOGGOS_OU.png
Byzantine Musical Symbols,U+1D0E8,ùÉ®,BYZANTINE MUSICAL SYMBOL STIGMA,images/U+1D0E8_BYZANTINE_MUSICAL_SYMBOL_STIGMA.png
Byzantine Musical Symbols,U+1D0E9,ùÉ©,BYZANTINE MUSICAL SYMBOL ARKTIKO PA,images/U+1D0E9_BYZANTINE_MUSICAL_SYMBOL_ARKTIKO_PA.png
Byzantine Musical Symbols,U+1D0EA,ùÉ™,BYZANTINE MUSICAL SYMBOL ARKTIKO VOU,images/U+1D0EA_BYZANTINE_MUSICAL_SYMBOL_ARKTIKO_VOU.png
Byzantine Musical Symbols,U+1D0EB,ùÉ´,BYZANTINE MUSICAL SYMBOL ARKTIKO GA,images/U+1D0EB_BYZANTINE_MUSICAL_SYMBOL_ARKTIKO_GA.png
Byzantine Musical Symbols,U+1D0EC,ùÉ¨,BYZANTINE MUSICAL SYMBOL ARKTIKO DI,images/U+1D0EC_BYZANTINE_MUSICAL_SYMBOL_ARKTIKO_DI.png
Byzantine Musical Symbols,U+1D0ED,ùÉ≠,BYZANTINE MUSICAL SYMBOL ARKTIKO KE,images/U+1D0ED_BYZANTINE_MUSICAL_SYMBOL_ARKTIKO_KE.png
Byzantine Musical Symbols,U+1D0EE,ùÉÆ,BYZANTINE MUSICAL SYMBOL ARKTIKO ZO,images/U+1D0EE_BYZANTINE_MUSICAL_SYMBOL_ARKTIKO_ZO.png
Byzantine Musical Symbols,U+1D0EF,ùÉØ,BYZANTINE MUSICAL SYMBOL ARKTIKO NI,images/U+1D0EF_BYZANTINE_MUSICAL_SYMBOL_ARKTIKO_NI.png
Byzantine Musical Symbols,U+1D0F0,ùÉ∞,BYZANTINE MUSICAL SYMBOL KENTIMATA NEO MESO,images/U+1D0F0_BYZANTINE_MUSICAL_SYMBOL_KENTIMATA_NEO_MESO.png
Byzantine Musical Symbols,U+1D0F1,ùÉ±,BYZANTINE MUSICAL SYMBOL KENTIMA NEO MESO,images/U+1D0F1_BYZANTINE_MUSICAL_SYMBOL_KENTIMA_NEO_MESO.png
Byzantine Musical Symbols,U+1D0F2,ùÉ≤,BYZANTINE MUSICAL SYMBOL KENTIMATA NEO KATO,images/U+1D0F2_BYZANTINE_MUSICAL_SYMBOL_KENTIMATA_NEO_KATO.png
Byzantine Musical Symbols,U+1D0F3,ùÉ≥,BYZANTINE MUSICAL SYMBOL KENTIMA NEO KATO,images/U+1D0F3_BYZANTINE_MUSICAL_SYMBOL_KENTIMA_NEO_KATO.png
Byzantine Musical Symbols,U+1D0F4,ùÉ¥,BYZANTINE MUSICAL SYMBOL KLASMA KATO,images/U+1D0F4_BYZANTINE_MUSICAL_SYMBOL_KLASMA_KATO.png
Byzantine Musical Symbols,U+1D0F5,ùÉµ,BYZANTINE MUSICAL SYMBOL GORGON NEO KATO,images/U+1D0F5_BYZANTINE_MUSICAL_SYMBOL_GORGON_NEO_KATO.png
Musical Symbols,U+1D100,ùÑÄ,MUSICAL SYMBOL SINGLE BARLINE,images/U+1D100_MUSICAL_SYMBOL_SINGLE_BARLINE.png
Musical Symbols,U+1D101,ùÑÅ,MUSICAL SYMBOL DOUBLE BARLINE,images/U+1D101_MUSICAL_SYMBOL_DOUBLE_BARLINE.png
Musical Symbols,U+1D102,ùÑÇ,MUSICAL SYMBOL FINAL BARLINE,images/U+1D102_MUSICAL_SYMBOL_FINAL_BARLINE.png
Musical Symbols,U+1D103,ùÑÉ,MUSICAL SYMBOL REVERSE FINAL BARLINE,images/U+1D103_MUSICAL_SYMBOL_REVERSE_FINAL_BARLINE.png
Musical Symbols,U+1D104,ùÑÑ,MUSICAL SYMBOL DASHED BARLINE,images/U+1D104_MUSICAL_SYMBOL_DASHED_BARLINE.png
Musical Symbols,U+1D105,ùÑÖ,MUSICAL SYMBOL SHORT BARLINE,images/U+1D105_MUSICAL_SYMBOL_SHORT_BARLINE.png
Musical Symbols,U+1D106,ùÑÜ,MUSICAL SYMBOL LEFT REPEAT SIGN,images/U+1D106_MUSICAL_SYMBOL_LEFT_REPEAT_SIGN.png
Musical Symbols,U+1D107,ùÑá,MUSICAL SYMBOL RIGHT REPEAT SIGN,images/U+1D107_MUSICAL_SYMBOL_RIGHT_REPEAT_SIGN.png
Musical Symbols,U+1D108,ùÑà,MUSICAL SYMBOL REPEAT DOTS,images/U+1D108_MUSICAL_SYMBOL_REPEAT_DOTS.png
Musical Symbols,U+1D109,ùÑâ,MUSICAL SYMBOL DAL SEGNO,images/U+1D109_MUSICAL_SYMBOL_DAL_SEGNO.png
Musical Symbols,U+1D10A,ùÑä,MUSICAL SYMBOL DA CAPO,images/U+1D10A_MUSICAL_SYMBOL_DA_CAPO.png
Musical Symbols,U+1D10B,ùÑã,MUSICAL SYMBOL SEGNO,images/U+1D10B_MUSICAL_SYMBOL_SEGNO.png
Musical Symbols,U+1D10C,ùÑå,MUSICAL SYMBOL CODA,images/U+1D10C_MUSICAL_SYMBOL_CODA.png
Musical Symbols,U+1D10D,ùÑç,MUSICAL SYMBOL REPEATED FIGURE-1,images/U+1D10D_MUSICAL_SYMBOL_REPEATED_FIGURE-1.png
Musical Symbols,U+1D10E,ùÑé,MUSICAL SYMBOL REPEATED FIGURE-2,images/U+1D10E_MUSICAL_SYMBOL_REPEATED_FIGURE-2.png
Musical Symbols,U+1D10F,ùÑè,MUSICAL SYMBOL REPEATED FIGURE-3,images/U+1D10F_MUSICAL_SYMBOL_REPEATED_FIGURE-3.png
Musical Symbols,U+1D110,ùÑê,MUSICAL SYMBOL FERMATA,images/U+1D110_MUSICAL_SYMBOL_FERMATA.png
Musical Symbols,U+1D111,ùÑë,MUSICAL SYMBOL FERMATA BELOW,images/U+1D111_MUSICAL_SYMBOL_FERMATA_BELOW.png
Musical Symbols,U+1D112,ùÑí,MUSICAL SYMBOL BREATH MARK,images/U+1D112_MUSICAL_SYMBOL_BREATH_MARK.png
Musical Symbols,U+1D113,ùÑì,MUSICAL SYMBOL CAESURA,images/U+1D113_MUSICAL_SYMBOL_CAESURA.png
Musical Symbols,U+1D114,ùÑî,MUSICAL SYMBOL BRACE,images/U+1D114_MUSICAL_SYMBOL_BRACE.png
Musical Symbols,U+1D115,ùÑï,MUSICAL SYMBOL BRACKET,images/U+1D115_MUSICAL_SYMBOL_BRACKET.png
Musical Symbols,U+1D116,ùÑñ,MUSICAL SYMBOL ONE-LINE STAFF,images/U+1D116_MUSICAL_SYMBOL_ONE-LINE_STAFF.png
Musical Symbols,U+1D117,ùÑó,MUSICAL SYMBOL TWO-LINE STAFF,images/U+1D117_MUSICAL_SYMBOL_TWO-LINE_STAFF.png
Musical Symbols,U+1D118,ùÑò,MUSICAL SYMBOL THREE-LINE STAFF,images/U+1D118_MUSICAL_SYMBOL_THREE-LINE_STAFF.png
Musical Symbols,U+1D119,ùÑô,MUSICAL SYMBOL FOUR-LINE STAFF,images/U+1D119_MUSICAL_SYMBOL_FOUR-LINE_STAFF.png
Musical Symbols,U+1D11A,ùÑö,MUSICAL SYMBOL FIVE-LINE STAFF,images/U+1D11A_MUSICAL_SYMBOL_FIVE-LINE_STAFF.png
Musical Symbols,U+1D11B,ùÑõ,MUSICAL SYMBOL SIX-LINE STAFF,images/U+1D11B_MUSICAL_SYMBOL_SIX-LINE_STAFF.png
Musical Symbols,U+1D11C,ùÑú,MUSICAL SYMBOL SIX-STRING FRETBOARD,images/U+1D11C_MUSICAL_SYMBOL_SIX-STRING_FRETBOARD.png
Musical Symbols,U+1D11D,ùÑù,MUSICAL SYMBOL FOUR-STRING FRETBOARD,images/U+1D11D_MUSICAL_SYMBOL_FOUR-STRING_FRETBOARD.png
Musical Symbols,U+1D11E,ùÑû,MUSICAL SYMBOL G CLEF,images/U+1D11E_MUSICAL_SYMBOL_G_CLEF.png
Musical Symbols,U+1D11F,ùÑü,MUSICAL SYMBOL G CLEF OTTAVA ALTA,images/U+1D11F_MUSICAL_SYMBOL_G_CLEF_OTTAVA_ALTA.png
Musical Symbols,U+1D120,ùÑ†,MUSICAL SYMBOL G CLEF OTTAVA BASSA,images/U+1D120_MUSICAL_SYMBOL_G_CLEF_OTTAVA_BASSA.png
Musical Symbols,U+1D121,ùÑ°,MUSICAL SYMBOL C CLEF,images/U+1D121_MUSICAL_SYMBOL_C_CLEF.png
Musical Symbols,U+1D122,ùÑ¢,MUSICAL SYMBOL F CLEF,images/U+1D122_MUSICAL_SYMBOL_F_CLEF.png
Musical Symbols,U+1D123,ùÑ£,MUSICAL SYMBOL F CLEF OTTAVA ALTA,images/U+1D123_MUSICAL_SYMBOL_F_CLEF_OTTAVA_ALTA.png
Musical Symbols,U+1D124,ùÑ§,MUSICAL SYMBOL F CLEF OTTAVA BASSA,images/U+1D124_MUSICAL_SYMBOL_F_CLEF_OTTAVA_BASSA.png
Musical Symbols,U+1D125,ùÑ•,MUSICAL SYMBOL DRUM CLEF-1,images/U+1D125_MUSICAL_SYMBOL_DRUM_CLEF-1.png
Musical Symbols,U+1D126,ùÑ¶,MUSICAL SYMBOL DRUM CLEF-2,images/U+1D126_MUSICAL_SYMBOL_DRUM_CLEF-2.png
Musical Symbols,U+1D129,ùÑ©,MUSICAL SYMBOL MULTIPLE MEASURE REST,images/U+1D129_MUSICAL_SYMBOL_MULTIPLE_MEASURE_REST.png
Musical Symbols,U+1D12A,ùÑ™,MUSICAL SYMBOL DOUBLE SHARP,images/U+1D12A_MUSICAL_SYMBOL_DOUBLE_SHARP.png
Musical Symbols,U+1D12B,ùÑ´,MUSICAL SYMBOL DOUBLE FLAT,images/U+1D12B_MUSICAL_SYMBOL_DOUBLE_FLAT.png
Musical Symbols,U+1D12C,ùÑ¨,MUSICAL SYMBOL FLAT UP,images/U+1D12C_MUSICAL_SYMBOL_FLAT_UP.png
Musical Symbols,U+1D12D,ùÑ≠,MUSICAL SYMBOL FLAT DOWN,images/U+1D12D_MUSICAL_SYMBOL_FLAT_DOWN.png
Musical Symbols,U+1D12E,ùÑÆ,MUSICAL SYMBOL NATURAL UP,images/U+1D12E_MUSICAL_SYMBOL_NATURAL_UP.png
Musical Symbols,U+1D12F,ùÑØ,MUSICAL SYMBOL NATURAL DOWN,images/U+1D12F_MUSICAL_SYMBOL_NATURAL_DOWN.png
Musical Symbols,U+1D130,ùÑ∞,MUSICAL SYMBOL SHARP UP,images/U+1D130_MUSICAL_SYMBOL_SHARP_UP.png
Musical Symbols,U+1D131,ùÑ±,MUSICAL SYMBOL SHARP DOWN,images/U+1D131_MUSICAL_SYMBOL_SHARP_DOWN.png
Musical Symbols,U+1D132,ùÑ≤,MUSICAL SYMBOL QUARTER TONE SHARP,images/U+1D132_MUSICAL_SYMBOL_QUARTER_TONE_SHARP.png
Musical Symbols,U+1D133,ùÑ≥,MUSICAL SYMBOL QUARTER TONE FLAT,images/U+1D133_MUSICAL_SYMBOL_QUARTER_TONE_FLAT.png
Musical Symbols,U+1D134,ùÑ¥,MUSICAL SYMBOL COMMON TIME,images/U+1D134_MUSICAL_SYMBOL_COMMON_TIME.png
Musical Symbols,U+1D135,ùÑµ,MUSICAL SYMBOL CUT TIME,images/U+1D135_MUSICAL_SYMBOL_CUT_TIME.png
Musical Symbols,U+1D136,ùÑ∂,MUSICAL SYMBOL OTTAVA ALTA,images/U+1D136_MUSICAL_SYMBOL_OTTAVA_ALTA.png
Musical Symbols,U+1D137,ùÑ∑,MUSICAL SYMBOL OTTAVA BASSA,images/U+1D137_MUSICAL_SYMBOL_OTTAVA_BASSA.png
Musical Symbols,U+1D138,ùÑ∏,MUSICAL SYMBOL QUINDICESIMA ALTA,images/U+1D138_MUSICAL_SYMBOL_QUINDICESIMA_ALTA.png
Musical Symbols,U+1D139,ùÑπ,MUSICAL SYMBOL QUINDICESIMA BASSA,images/U+1D139_MUSICAL_SYMBOL_QUINDICESIMA_BASSA.png
Musical Symbols,U+1D13A,ùÑ∫,MUSICAL SYMBOL MULTI REST,images/U+1D13A_MUSICAL_SYMBOL_MULTI_REST.png
Musical Symbols,U+1D13B,ùÑª,MUSICAL SYMBOL WHOLE REST,images/U+1D13B_MUSICAL_SYMBOL_WHOLE_REST.png
Musical Symbols,U+1D13C,ùÑº,MUSICAL SYMBOL HALF REST,images/U+1D13C_MUSICAL_SYMBOL_HALF_REST.png
Musical Symbols,U+1D13D,ùÑΩ,MUSICAL SYMBOL QUARTER REST,images/U+1D13D_MUSICAL_SYMBOL_QUARTER_REST.png
Musical Symbols,U+1D13E,ùÑæ,MUSICAL SYMBOL EIGHTH REST,images/U+1D13E_MUSICAL_SYMBOL_EIGHTH_REST.png
Musical Symbols,U+1D13F,ùÑø,MUSICAL SYMBOL SIXTEENTH REST,images/U+1D13F_MUSICAL_SYMBOL_SIXTEENTH_REST.png
Musical Symbols,U+1D140,ùÖÄ,MUSICAL SYMBOL THIRTY-SECOND REST,images/U+1D140_MUSICAL_SYMBOL_THIRTY-SECOND_REST.png
Musical Symbols,U+1D141,ùÖÅ,MUSICAL SYMBOL SIXTY-FOURTH REST,images/U+1D141_MUSICAL_SYMBOL_SIXTY-FOURTH_REST.png
Musical Symbols,U+1D142,ùÖÇ,MUSICAL SYMBOL ONE HUNDRED TWENTY-EIGHTH REST,images/U+1D142_MUSICAL_SYMBOL_ONE_HUNDRED_TWENTY-EIGHTH_REST.png
Musical Symbols,U+1D143,ùÖÉ,MUSICAL SYMBOL X NOTEHEAD,images/U+1D143_MUSICAL_SYMBOL_X_NOTEHEAD.png
Musical Symbols,U+1D144,ùÖÑ,MUSICAL SYMBOL PLUS NOTEHEAD,images/U+1D144_MUSICAL_SYMBOL_PLUS_NOTEHEAD.png
Musical Symbols,U+1D145,ùÖÖ,MUSICAL SYMBOL CIRCLE X NOTEHEAD,images/U+1D145_MUSICAL_SYMBOL_CIRCLE_X_NOTEHEAD.png
Musical Symbols,U+1D146,ùÖÜ,MUSICAL SYMBOL SQUARE NOTEHEAD WHITE,images/U+1D146_MUSICAL_SYMBOL_SQUARE_NOTEHEAD_WHITE.png
Musical Symbols,U+1D147,ùÖá,MUSICAL SYMBOL SQUARE NOTEHEAD BLACK,images/U+1D147_MUSICAL_SYMBOL_SQUARE_NOTEHEAD_BLACK.png
Musical Symbols,U+1D148,ùÖà,MUSICAL SYMBOL TRIANGLE NOTEHEAD UP WHITE,images/U+1D148_MUSICAL_SYMBOL_TRIANGLE_NOTEHEAD_UP_WHITE.png
Musical Symbols,U+1D149,ùÖâ,MUSICAL SYMBOL TRIANGLE NOTEHEAD UP BLACK,images/U+1D149_MUSICAL_SYMBOL_TRIANGLE_NOTEHEAD_UP_BLACK.png
Musical Symbols,U+1D14A,ùÖä,MUSICAL SYMBOL TRIANGLE NOTEHEAD LEFT WHITE,images/U+1D14A_MUSICAL_SYMBOL_TRIANGLE_NOTEHEAD_LEFT_WHITE.png
Musical Symbols,U+1D14B,ùÖã,MUSICAL SYMBOL TRIANGLE NOTEHEAD LEFT BLACK,images/U+1D14B_MUSICAL_SYMBOL_TRIANGLE_NOTEHEAD_LEFT_BLACK.png
Musical Symbols,U+1D14C,ùÖå,MUSICAL SYMBOL TRIANGLE NOTEHEAD RIGHT WHITE,images/U+1D14C_MUSICAL_SYMBOL_TRIANGLE_NOTEHEAD_RIGHT_WHITE.png
Musical Symbols,U+1D14D,ùÖç,MUSICAL SYMBOL TRIANGLE NOTEHEAD RIGHT BLACK,images/U+1D14D_MUSICAL_SYMBOL_TRIANGLE_NOTEHEAD_RIGHT_BLACK.png
Musical Symbols,U+1D14E,ùÖé,MUSICAL SYMBOL TRIANGLE NOTEHEAD DOWN WHITE,images/U+1D14E_MUSICAL_SYMBOL_TRIANGLE_NOTEHEAD_DOWN_WHITE.png
Musical Symbols,U+1D14F,ùÖè,MUSICAL SYMBOL TRIANGLE NOTEHEAD DOWN BLACK,images/U+1D14F_MUSICAL_SYMBOL_TRIANGLE_NOTEHEAD_DOWN_BLACK.png
Musical Symbols,U+1D150,ùÖê,MUSICAL SYMBOL TRIANGLE NOTEHEAD UP RIGHT WHITE,images/U+1D150_MUSICAL_SYMBOL_TRIANGLE_NOTEHEAD_UP_RIGHT_WHITE.png
Musical Symbols,U+1D151,ùÖë,MUSICAL SYMBOL TRIANGLE NOTEHEAD UP RIGHT BLACK,images/U+1D151_MUSICAL_SYMBOL_TRIANGLE_NOTEHEAD_UP_RIGHT_BLACK.png
Musical Symbols,U+1D152,ùÖí,MUSICAL SYMBOL MOON NOTEHEAD WHITE,images/U+1D152_MUSICAL_SYMBOL_MOON_NOTEHEAD_WHITE.png
Musical Symbols,U+1D153,ùÖì,MUSICAL SYMBOL MOON NOTEHEAD BLACK,images/U+1D153_MUSICAL_SYMBOL_MOON_NOTEHEAD_BLACK.png
Musical Symbols,U+1D154,ùÖî,MUSICAL SYMBOL TRIANGLE-ROUND NOTEHEAD DOWN WHITE,images/U+1D154_MUSICAL_SYMBOL_TRIANGLE-ROUND_NOTEHEAD_DOWN_WHITE.png
Musical Symbols,U+1D155,ùÖï,MUSICAL SYMBOL TRIANGLE-ROUND NOTEHEAD DOWN BLACK,images/U+1D155_MUSICAL_SYMBOL_TRIANGLE-ROUND_NOTEHEAD_DOWN_BLACK.png
Musical Symbols,U+1D156,ùÖñ,MUSICAL SYMBOL PARENTHESIS NOTEHEAD,images/U+1D156_MUSICAL_SYMBOL_PARENTHESIS_NOTEHEAD.png
Musical Symbols,U+1D157,ùÖó,MUSICAL SYMBOL VOID NOTEHEAD,images/U+1D157_MUSICAL_SYMBOL_VOID_NOTEHEAD.png
Musical Symbols,U+1D158,ùÖò,MUSICAL SYMBOL NOTEHEAD BLACK,images/U+1D158_MUSICAL_SYMBOL_NOTEHEAD_BLACK.png
Musical Symbols,U+1D159,ùÖô,MUSICAL SYMBOL NULL NOTEHEAD,images/U+1D159_MUSICAL_SYMBOL_NULL_NOTEHEAD.png
Musical Symbols,U+1D15A,ùÖö,MUSICAL SYMBOL CLUSTER NOTEHEAD WHITE,images/U+1D15A_MUSICAL_SYMBOL_CLUSTER_NOTEHEAD_WHITE.png
Musical Symbols,U+1D15B,ùÖõ,MUSICAL SYMBOL CLUSTER NOTEHEAD BLACK,images/U+1D15B_MUSICAL_SYMBOL_CLUSTER_NOTEHEAD_BLACK.png
Musical Symbols,U+1D15C,ùÖú,MUSICAL SYMBOL BREVE,images/U+1D15C_MUSICAL_SYMBOL_BREVE.png
Musical Symbols,U+1D15D,ùÖù,MUSICAL SYMBOL WHOLE NOTE,images/U+1D15D_MUSICAL_SYMBOL_WHOLE_NOTE.png
Musical Symbols,U+1D15E,ùÖû,MUSICAL SYMBOL HALF NOTE,images/U+1D15E_MUSICAL_SYMBOL_HALF_NOTE.png
Musical Symbols,U+1D15F,ùÖü,MUSICAL SYMBOL QUARTER NOTE,images/U+1D15F_MUSICAL_SYMBOL_QUARTER_NOTE.png
Musical Symbols,U+1D160,ùÖ†,MUSICAL SYMBOL EIGHTH NOTE,images/U+1D160_MUSICAL_SYMBOL_EIGHTH_NOTE.png
Musical Symbols,U+1D161,ùÖ°,MUSICAL SYMBOL SIXTEENTH NOTE,images/U+1D161_MUSICAL_SYMBOL_SIXTEENTH_NOTE.png
Musical Symbols,U+1D162,ùÖ¢,MUSICAL SYMBOL THIRTY-SECOND NOTE,images/U+1D162_MUSICAL_SYMBOL_THIRTY-SECOND_NOTE.png
Musical Symbols,U+1D163,ùÖ£,MUSICAL SYMBOL SIXTY-FOURTH NOTE,images/U+1D163_MUSICAL_SYMBOL_SIXTY-FOURTH_NOTE.png
Musical Symbols,U+1D164,ùÖ§,MUSICAL SYMBOL ONE HUNDRED TWENTY-EIGHTH NOTE,images/U+1D164_MUSICAL_SYMBOL_ONE_HUNDRED_TWENTY-EIGHTH_NOTE.png
Musical Symbols,U+1D165,ùÖ•,MUSICAL SYMBOL COMBINING STEM,images/U+1D165_MUSICAL_SYMBOL_COMBINING_STEM.png
Musical Symbols,U+1D166,ùÖ¶,MUSICAL SYMBOL COMBINING SPRECHGESANG STEM,images/U+1D166_MUSICAL_SYMBOL_COMBINING_SPRECHGESANG_STEM.png
Musical Symbols,U+1D167,ùÖß,MUSICAL SYMBOL COMBINING TREMOLO-1,images/U+1D167_MUSICAL_SYMBOL_COMBINING_TREMOLO-1.png
Musical Symbols,U+1D168,ùÖ®,MUSICAL SYMBOL COMBINING TREMOLO-2,images/U+1D168_MUSICAL_SYMBOL_COMBINING_TREMOLO-2.png
Musical Symbols,U+1D169,ùÖ©,MUSICAL SYMBOL COMBINING TREMOLO-3,images/U+1D169_MUSICAL_SYMBOL_COMBINING_TREMOLO-3.png
Musical Symbols,U+1D16A,ùÖ™,MUSICAL SYMBOL FINGERED TREMOLO-1,images/U+1D16A_MUSICAL_SYMBOL_FINGERED_TREMOLO-1.png
Musical Symbols,U+1D16B,ùÖ´,MUSICAL SYMBOL FINGERED TREMOLO-2,images/U+1D16B_MUSICAL_SYMBOL_FINGERED_TREMOLO-2.png
Musical Symbols,U+1D16C,ùÖ¨,MUSICAL SYMBOL FINGERED TREMOLO-3,images/U+1D16C_MUSICAL_SYMBOL_FINGERED_TREMOLO-3.png
Musical Symbols,U+1D16D,ùÖ≠,MUSICAL SYMBOL COMBINING AUGMENTATION DOT,images/U+1D16D_MUSICAL_SYMBOL_COMBINING_AUGMENTATION_DOT.png
Musical Symbols,U+1D16E,ùÖÆ,MUSICAL SYMBOL COMBINING FLAG-1,images/U+1D16E_MUSICAL_SYMBOL_COMBINING_FLAG-1.png
Musical Symbols,U+1D16F,ùÖØ,MUSICAL SYMBOL COMBINING FLAG-2,images/U+1D16F_MUSICAL_SYMBOL_COMBINING_FLAG-2.png
Musical Symbols,U+1D170,ùÖ∞,MUSICAL SYMBOL COMBINING FLAG-3,images/U+1D170_MUSICAL_SYMBOL_COMBINING_FLAG-3.png
Musical Symbols,U+1D171,ùÖ±,MUSICAL SYMBOL COMBINING FLAG-4,images/U+1D171_MUSICAL_SYMBOL_COMBINING_FLAG-4.png
Musical Symbols,U+1D172,ùÖ≤,MUSICAL SYMBOL COMBINING FLAG-5,images/U+1D172_MUSICAL_SYMBOL_COMBINING_FLAG-5.png
Musical Symbols,U+1D173,ùÖ≥,MUSICAL SYMBOL BEGIN BEAM,images/U+1D173_MUSICAL_SYMBOL_BEGIN_BEAM.png
Musical Symbols,U+1D174,ùÖ¥,MUSICAL SYMBOL END BEAM,images/U+1D174_MUSICAL_SYMBOL_END_BEAM.png
Musical Symbols,U+1D175,ùÖµ,MUSICAL SYMBOL BEGIN TIE,images/U+1D175_MUSICAL_SYMBOL_BEGIN_TIE.png
Musical Symbols,U+1D176,ùÖ∂,MUSICAL SYMBOL END TIE,images/U+1D176_MUSICAL_SYMBOL_END_TIE.png
Musical Symbols,U+1D177,ùÖ∑,MUSICAL SYMBOL BEGIN SLUR,images/U+1D177_MUSICAL_SYMBOL_BEGIN_SLUR.png
Musical Symbols,U+1D178,ùÖ∏,MUSICAL SYMBOL END SLUR,images/U+1D178_MUSICAL_SYMBOL_END_SLUR.png
Musical Symbols,U+1D179,ùÖπ,MUSICAL SYMBOL BEGIN PHRASE,images/U+1D179_MUSICAL_SYMBOL_BEGIN_PHRASE.png
Musical Symbols,U+1D17A,ùÖ∫,MUSICAL SYMBOL END PHRASE,images/U+1D17A_MUSICAL_SYMBOL_END_PHRASE.png
Musical Symbols,U+1D17B,ùÖª,MUSICAL SYMBOL COMBINING ACCENT,images/U+1D17B_MUSICAL_SYMBOL_COMBINING_ACCENT.png
Musical Symbols,U+1D17C,ùÖº,MUSICAL SYMBOL COMBINING STACCATO,images/U+1D17C_MUSICAL_SYMBOL_COMBINING_STACCATO.png
Musical Symbols,U+1D17D,ùÖΩ,MUSICAL SYMBOL COMBINING TENUTO,images/U+1D17D_MUSICAL_SYMBOL_COMBINING_TENUTO.png
Musical Symbols,U+1D17E,ùÖæ,MUSICAL SYMBOL COMBINING STACCATISSIMO,images/U+1D17E_MUSICAL_SYMBOL_COMBINING_STACCATISSIMO.png
Musical Symbols,U+1D17F,ùÖø,MUSICAL SYMBOL COMBINING MARCATO,images/U+1D17F_MUSICAL_SYMBOL_COMBINING_MARCATO.png
Musical Symbols,U+1D180,ùÜÄ,MUSICAL SYMBOL COMBINING MARCATO-STACCATO,images/U+1D180_MUSICAL_SYMBOL_COMBINING_MARCATO-STACCATO.png
Musical Symbols,U+1D181,ùÜÅ,MUSICAL SYMBOL COMBINING ACCENT-STACCATO,images/U+1D181_MUSICAL_SYMBOL_COMBINING_ACCENT-STACCATO.png
Musical Symbols,U+1D182,ùÜÇ,MUSICAL SYMBOL COMBINING LOURE,images/U+1D182_MUSICAL_SYMBOL_COMBINING_LOURE.png
Musical Symbols,U+1D183,ùÜÉ,MUSICAL SYMBOL ARPEGGIATO UP,images/U+1D183_MUSICAL_SYMBOL_ARPEGGIATO_UP.png
Musical Symbols,U+1D184,ùÜÑ,MUSICAL SYMBOL ARPEGGIATO DOWN,images/U+1D184_MUSICAL_SYMBOL_ARPEGGIATO_DOWN.png
Musical Symbols,U+1D185,ùÜÖ,MUSICAL SYMBOL COMBINING DOIT,images/U+1D185_MUSICAL_SYMBOL_COMBINING_DOIT.png
Musical Symbols,U+1D186,ùÜÜ,MUSICAL SYMBOL COMBINING RIP,images/U+1D186_MUSICAL_SYMBOL_COMBINING_RIP.png
Musical Symbols,U+1D187,ùÜá,MUSICAL SYMBOL COMBINING FLIP,images/U+1D187_MUSICAL_SYMBOL_COMBINING_FLIP.png
Musical Symbols,U+1D188,ùÜà,MUSICAL SYMBOL COMBINING SMEAR,images/U+1D188_MUSICAL_SYMBOL_COMBINING_SMEAR.png
Musical Symbols,U+1D189,ùÜâ,MUSICAL SYMBOL COMBINING BEND,images/U+1D189_MUSICAL_SYMBOL_COMBINING_BEND.png
Musical Symbols,U+1D18A,ùÜä,MUSICAL SYMBOL COMBINING DOUBLE TONGUE,images/U+1D18A_MUSICAL_SYMBOL_COMBINING_DOUBLE_TONGUE.png
Musical Symbols,U+1D18B,ùÜã,MUSICAL SYMBOL COMBINING TRIPLE TONGUE,images/U+1D18B_MUSICAL_SYMBOL_COMBINING_TRIPLE_TONGUE.png
Musical Symbols,U+1D18C,ùÜå,MUSICAL SYMBOL RINFORZANDO,images/U+1D18C_MUSICAL_SYMBOL_RINFORZANDO.png
Musical Symbols,U+1D18D,ùÜç,MUSICAL SYMBOL SUBITO,images/U+1D18D_MUSICAL_SYMBOL_SUBITO.png
Musical Symbols,U+1D18E,ùÜé,MUSICAL SYMBOL Z,images/U+1D18E_MUSICAL_SYMBOL_Z.png
Musical Symbols,U+1D18F,ùÜè,MUSICAL SYMBOL PIANO,images/U+1D18F_MUSICAL_SYMBOL_PIANO.png
Musical Symbols,U+1D190,ùÜê,MUSICAL SYMBOL MEZZO,images/U+1D190_MUSICAL_SYMBOL_MEZZO.png
Musical Symbols,U+1D191,ùÜë,MUSICAL SYMBOL FORTE,images/U+1D191_MUSICAL_SYMBOL_FORTE.png
Musical Symbols,U+1D192,ùÜí,MUSICAL SYMBOL CRESCENDO,images/U+1D192_MUSICAL_SYMBOL_CRESCENDO.png
Musical Symbols,U+1D193,ùÜì,MUSICAL SYMBOL DECRESCENDO,images/U+1D193_MUSICAL_SYMBOL_DECRESCENDO.png
Musical Symbols,U+1D194,ùÜî,MUSICAL SYMBOL GRACE NOTE SLASH,images/U+1D194_MUSICAL_SYMBOL_GRACE_NOTE_SLASH.png
Musical Symbols,U+1D195,ùÜï,MUSICAL SYMBOL GRACE NOTE NO SLASH,images/U+1D195_MUSICAL_SYMBOL_GRACE_NOTE_NO_SLASH.png
Musical Symbols,U+1D196,ùÜñ,MUSICAL SYMBOL TR,images/U+1D196_MUSICAL_SYMBOL_TR.png
Musical Symbols,U+1D197,ùÜó,MUSICAL SYMBOL TURN,images/U+1D197_MUSICAL_SYMBOL_TURN.png
Musical Symbols,U+1D198,ùÜò,MUSICAL SYMBOL INVERTED TURN,images/U+1D198_MUSICAL_SYMBOL_INVERTED_TURN.png
Musical Symbols,U+1D199,ùÜô,MUSICAL SYMBOL TURN SLASH,images/U+1D199_MUSICAL_SYMBOL_TURN_SLASH.png
Musical Symbols,U+1D19A,ùÜö,MUSICAL SYMBOL TURN UP,images/U+1D19A_MUSICAL_SYMBOL_TURN_UP.png
Musical Symbols,U+1D19B,ùÜõ,MUSICAL SYMBOL ORNAMENT STROKE-1,images/U+1D19B_MUSICAL_SYMBOL_ORNAMENT_STROKE-1.png
Musical Symbols,U+1D19C,ùÜú,MUSICAL SYMBOL ORNAMENT STROKE-2,images/U+1D19C_MUSICAL_SYMBOL_ORNAMENT_STROKE-2.png
Musical Symbols,U+1D19D,ùÜù,MUSICAL SYMBOL ORNAMENT STROKE-3,images/U+1D19D_MUSICAL_SYMBOL_ORNAMENT_STROKE-3.png
Musical Symbols,U+1D19E,ùÜû,MUSICAL SYMBOL ORNAMENT STROKE-4,images/U+1D19E_MUSICAL_SYMBOL_ORNAMENT_STROKE-4.png
Musical Symbols,U+1D19F,ùÜü,MUSICAL SYMBOL ORNAMENT STROKE-5,images/U+1D19F_MUSICAL_SYMBOL_ORNAMENT_STROKE-5.png
Musical Symbols,U+1D1A0,ùÜ†,MUSICAL SYMBOL ORNAMENT STROKE-6,images/U+1D1A0_MUSICAL_SYMBOL_ORNAMENT_STROKE-6.png
Musical Symbols,U+1D1A1,ùÜ°,MUSICAL SYMBOL ORNAMENT STROKE-7,images/U+1D1A1_MUSICAL_SYMBOL_ORNAMENT_STROKE-7.png
Musical Symbols,U+1D1A2,ùÜ¢,MUSICAL SYMBOL ORNAMENT STROKE-8,images/U+1D1A2_MUSICAL_SYMBOL_ORNAMENT_STROKE-8.png
Musical Symbols,U+1D1A3,ùÜ£,MUSICAL SYMBOL ORNAMENT STROKE-9,images/U+1D1A3_MUSICAL_SYMBOL_ORNAMENT_STROKE-9.png
Musical Symbols,U+1D1A4,ùÜ§,MUSICAL SYMBOL ORNAMENT STROKE-10,images/U+1D1A4_MUSICAL_SYMBOL_ORNAMENT_STROKE-10.png
Musical Symbols,U+1D1A5,ùÜ•,MUSICAL SYMBOL ORNAMENT STROKE-11,images/U+1D1A5_MUSICAL_SYMBOL_ORNAMENT_STROKE-11.png
Musical Symbols,U+1D1A6,ùÜ¶,MUSICAL SYMBOL HAUPTSTIMME,images/U+1D1A6_MUSICAL_SYMBOL_HAUPTSTIMME.png
Musical Symbols,U+1D1A7,ùÜß,MUSICAL SYMBOL NEBENSTIMME,images/U+1D1A7_MUSICAL_SYMBOL_NEBENSTIMME.png
Musical Symbols,U+1D1A8,ùÜ®,MUSICAL SYMBOL END OF STIMME,images/U+1D1A8_MUSICAL_SYMBOL_END_OF_STIMME.png
Musical Symbols,U+1D1A9,ùÜ©,MUSICAL SYMBOL DEGREE SLASH,images/U+1D1A9_MUSICAL_SYMBOL_DEGREE_SLASH.png
Musical Symbols,U+1D1AA,ùÜ™,MUSICAL SYMBOL COMBINING DOWN BOW,images/U+1D1AA_MUSICAL_SYMBOL_COMBINING_DOWN_BOW.png
Musical Symbols,U+1D1AB,ùÜ´,MUSICAL SYMBOL COMBINING UP BOW,images/U+1D1AB_MUSICAL_SYMBOL_COMBINING_UP_BOW.png
Musical Symbols,U+1D1AC,ùÜ¨,MUSICAL SYMBOL COMBINING HARMONIC,images/U+1D1AC_MUSICAL_SYMBOL_COMBINING_HARMONIC.png
Musical Symbols,U+1D1AD,ùÜ≠,MUSICAL SYMBOL COMBINING SNAP PIZZICATO,images/U+1D1AD_MUSICAL_SYMBOL_COMBINING_SNAP_PIZZICATO.png
Musical Symbols,U+1D1AE,ùÜÆ,MUSICAL SYMBOL PEDAL MARK,images/U+1D1AE_MUSICAL_SYMBOL_PEDAL_MARK.png
Musical Symbols,U+1D1AF,ùÜØ,MUSICAL SYMBOL PEDAL UP MARK,images/U+1D1AF_MUSICAL_SYMBOL_PEDAL_UP_MARK.png
Musical Symbols,U+1D1B0,ùÜ∞,MUSICAL SYMBOL HALF PEDAL MARK,images/U+1D1B0_MUSICAL_SYMBOL_HALF_PEDAL_MARK.png
Musical Symbols,U+1D1B1,ùÜ±,MUSICAL SYMBOL GLISSANDO UP,images/U+1D1B1_MUSICAL_SYMBOL_GLISSANDO_UP.png
Musical Symbols,U+1D1B2,ùÜ≤,MUSICAL SYMBOL GLISSANDO DOWN,images/U+1D1B2_MUSICAL_SYMBOL_GLISSANDO_DOWN.png
Musical Symbols,U+1D1B3,ùÜ≥,MUSICAL SYMBOL WITH FINGERNAILS,images/U+1D1B3_MUSICAL_SYMBOL_WITH_FINGERNAILS.png
Musical Symbols,U+1D1B4,ùÜ¥,MUSICAL SYMBOL DAMP,images/U+1D1B4_MUSICAL_SYMBOL_DAMP.png
Musical Symbols,U+1D1B5,ùÜµ,MUSICAL SYMBOL DAMP ALL,images/U+1D1B5_MUSICAL_SYMBOL_DAMP_ALL.png
Musical Symbols,U+1D1B6,ùÜ∂,MUSICAL SYMBOL MAXIMA,images/U+1D1B6_MUSICAL_SYMBOL_MAXIMA.png
Musical Symbols,U+1D1B7,ùÜ∑,MUSICAL SYMBOL LONGA,images/U+1D1B7_MUSICAL_SYMBOL_LONGA.png
Musical Symbols,U+1D1B8,ùÜ∏,MUSICAL SYMBOL BREVIS,images/U+1D1B8_MUSICAL_SYMBOL_BREVIS.png
Musical Symbols,U+1D1B9,ùÜπ,MUSICAL SYMBOL SEMIBREVIS WHITE,images/U+1D1B9_MUSICAL_SYMBOL_SEMIBREVIS_WHITE.png
Musical Symbols,U+1D1BA,ùÜ∫,MUSICAL SYMBOL SEMIBREVIS BLACK,images/U+1D1BA_MUSICAL_SYMBOL_SEMIBREVIS_BLACK.png
Musical Symbols,U+1D1BB,ùÜª,MUSICAL SYMBOL MINIMA,images/U+1D1BB_MUSICAL_SYMBOL_MINIMA.png
Musical Symbols,U+1D1BC,ùÜº,MUSICAL SYMBOL MINIMA BLACK,images/U+1D1BC_MUSICAL_SYMBOL_MINIMA_BLACK.png
Musical Symbols,U+1D1BD,ùÜΩ,MUSICAL SYMBOL SEMIMINIMA WHITE,images/U+1D1BD_MUSICAL_SYMBOL_SEMIMINIMA_WHITE.png
Musical Symbols,U+1D1BE,ùÜæ,MUSICAL SYMBOL SEMIMINIMA BLACK,images/U+1D1BE_MUSICAL_SYMBOL_SEMIMINIMA_BLACK.png
Musical Symbols,U+1D1BF,ùÜø,MUSICAL SYMBOL FUSA WHITE,images/U+1D1BF_MUSICAL_SYMBOL_FUSA_WHITE.png
Musical Symbols,U+1D1C0,ùáÄ,MUSICAL SYMBOL FUSA BLACK,images/U+1D1C0_MUSICAL_SYMBOL_FUSA_BLACK.png
Musical Symbols,U+1D1C1,ùáÅ,MUSICAL SYMBOL LONGA PERFECTA REST,images/U+1D1C1_MUSICAL_SYMBOL_LONGA_PERFECTA_REST.png
Musical Symbols,U+1D1C2,ùáÇ,MUSICAL SYMBOL LONGA IMPERFECTA REST,images/U+1D1C2_MUSICAL_SYMBOL_LONGA_IMPERFECTA_REST.png
Musical Symbols,U+1D1C3,ùáÉ,MUSICAL SYMBOL BREVIS REST,images/U+1D1C3_MUSICAL_SYMBOL_BREVIS_REST.png
Musical Symbols,U+1D1C4,ùáÑ,MUSICAL SYMBOL SEMIBREVIS REST,images/U+1D1C4_MUSICAL_SYMBOL_SEMIBREVIS_REST.png
Musical Symbols,U+1D1C5,ùáÖ,MUSICAL SYMBOL MINIMA REST,images/U+1D1C5_MUSICAL_SYMBOL_MINIMA_REST.png
Musical Symbols,U+1D1C6,ùáÜ,MUSICAL SYMBOL SEMIMINIMA REST,images/U+1D1C6_MUSICAL_SYMBOL_SEMIMINIMA_REST.png
Musical Symbols,U+1D1C7,ùáá,MUSICAL SYMBOL TEMPUS PERFECTUM CUM PROLATIONE PERFECTA,images/U+1D1C7_MUSICAL_SYMBOL_TEMPUS_PERFECTUM_CUM_PROLATIONE_PERFECTA.png
Musical Symbols,U+1D1C8,ùáà,MUSICAL SYMBOL TEMPUS PERFECTUM CUM PROLATIONE IMPERFECTA,images/U+1D1C8_MUSICAL_SYMBOL_TEMPUS_PERFECTUM_CUM_PROLATIONE_IMPERFECTA.png
Musical Symbols,U+1D1C9,ùáâ,MUSICAL SYMBOL TEMPUS PERFECTUM CUM PROLATIONE PERFECTA DIMINUTION-1,images/U+1D1C9_MUSICAL_SYMBOL_TEMPUS_PERFECTUM_CUM_PROLATIONE_PERFECTA_DIMINUTION-1.png
Musical Symbols,U+1D1CA,ùáä,MUSICAL SYMBOL TEMPUS IMPERFECTUM CUM PROLATIONE PERFECTA,images/U+1D1CA_MUSICAL_SYMBOL_TEMPUS_IMPERFECTUM_CUM_PROLATIONE_PERFECTA.png
Musical Symbols,U+1D1CB,ùáã,MUSICAL SYMBOL TEMPUS IMPERFECTUM CUM PROLATIONE IMPERFECTA,images/U+1D1CB_MUSICAL_SYMBOL_TEMPUS_IMPERFECTUM_CUM_PROLATIONE_IMPERFECTA.png
Musical Symbols,U+1D1CC,ùáå,MUSICAL SYMBOL TEMPUS IMPERFECTUM CUM PROLATIONE IMPERFECTA DIMINUTION-1,images/U+1D1CC_MUSICAL_SYMBOL_TEMPUS_IMPERFECTUM_CUM_PROLATIONE_IMPERFECTA_DIMINUTION-1.png
Musical Symbols,U+1D1CD,ùáç,MUSICAL SYMBOL TEMPUS IMPERFECTUM CUM PROLATIONE IMPERFECTA DIMINUTION-2,images/U+1D1CD_MUSICAL_SYMBOL_TEMPUS_IMPERFECTUM_CUM_PROLATIONE_IMPERFECTA_DIMINUTION-2.png
Musical Symbols,U+1D1CE,ùáé,MUSICAL SYMBOL TEMPUS IMPERFECTUM CUM PROLATIONE IMPERFECTA DIMINUTION-3,images/U+1D1CE_MUSICAL_SYMBOL_TEMPUS_IMPERFECTUM_CUM_PROLATIONE_IMPERFECTA_DIMINUTION-3.png
Musical Symbols,U+1D1CF,ùáè,MUSICAL SYMBOL CROIX,images/U+1D1CF_MUSICAL_SYMBOL_CROIX.png
Musical Symbols,U+1D1D0,ùáê,MUSICAL SYMBOL GREGORIAN C CLEF,images/U+1D1D0_MUSICAL_SYMBOL_GREGORIAN_C_CLEF.png
Musical Symbols,U+1D1D1,ùáë,MUSICAL SYMBOL GREGORIAN F CLEF,images/U+1D1D1_MUSICAL_SYMBOL_GREGORIAN_F_CLEF.png
Musical Symbols,U+1D1D2,ùáí,MUSICAL SYMBOL SQUARE B,images/U+1D1D2_MUSICAL_SYMBOL_SQUARE_B.png
Musical Symbols,U+1D1D3,ùáì,MUSICAL SYMBOL VIRGA,images/U+1D1D3_MUSICAL_SYMBOL_VIRGA.png
Musical Symbols,U+1D1D4,ùáî,MUSICAL SYMBOL PODATUS,images/U+1D1D4_MUSICAL_SYMBOL_PODATUS.png
Musical Symbols,U+1D1D5,ùáï,MUSICAL SYMBOL CLIVIS,images/U+1D1D5_MUSICAL_SYMBOL_CLIVIS.png
Musical Symbols,U+1D1D6,ùáñ,MUSICAL SYMBOL SCANDICUS,images/U+1D1D6_MUSICAL_SYMBOL_SCANDICUS.png
Musical Symbols,U+1D1D7,ùáó,MUSICAL SYMBOL CLIMACUS,images/U+1D1D7_MUSICAL_SYMBOL_CLIMACUS.png
Musical Symbols,U+1D1D8,ùáò,MUSICAL SYMBOL TORCULUS,images/U+1D1D8_MUSICAL_SYMBOL_TORCULUS.png
Musical Symbols,U+1D1D9,ùáô,MUSICAL SYMBOL PORRECTUS,images/U+1D1D9_MUSICAL_SYMBOL_PORRECTUS.png
Musical Symbols,U+1D1DA,ùáö,MUSICAL SYMBOL PORRECTUS FLEXUS,images/U+1D1DA_MUSICAL_SYMBOL_PORRECTUS_FLEXUS.png
Musical Symbols,U+1D1DB,ùáõ,MUSICAL SYMBOL SCANDICUS FLEXUS,images/U+1D1DB_MUSICAL_SYMBOL_SCANDICUS_FLEXUS.png
Musical Symbols,U+1D1DC,ùáú,MUSICAL SYMBOL TORCULUS RESUPINUS,images/U+1D1DC_MUSICAL_SYMBOL_TORCULUS_RESUPINUS.png
Musical Symbols,U+1D1DD,ùáù,MUSICAL SYMBOL PES SUBPUNCTIS,images/U+1D1DD_MUSICAL_SYMBOL_PES_SUBPUNCTIS.png
Musical Symbols,U+1D1DE,ùáû,MUSICAL SYMBOL KIEVAN C CLEF,images/U+1D1DE_MUSICAL_SYMBOL_KIEVAN_C_CLEF.png
Musical Symbols,U+1D1DF,ùáü,MUSICAL SYMBOL KIEVAN END OF PIECE,images/U+1D1DF_MUSICAL_SYMBOL_KIEVAN_END_OF_PIECE.png
Musical Symbols,U+1D1E0,ùá†,MUSICAL SYMBOL KIEVAN FINAL NOTE,images/U+1D1E0_MUSICAL_SYMBOL_KIEVAN_FINAL_NOTE.png
Musical Symbols,U+1D1E1,ùá°,MUSICAL SYMBOL KIEVAN RECITATIVE MARK,images/U+1D1E1_MUSICAL_SYMBOL_KIEVAN_RECITATIVE_MARK.png
Musical Symbols,U+1D1E2,ùá¢,MUSICAL SYMBOL KIEVAN WHOLE NOTE,images/U+1D1E2_MUSICAL_SYMBOL_KIEVAN_WHOLE_NOTE.png
Musical Symbols,U+1D1E3,ùá£,MUSICAL SYMBOL KIEVAN HALF NOTE,images/U+1D1E3_MUSICAL_SYMBOL_KIEVAN_HALF_NOTE.png
Musical Symbols,U+1D1E4,ùá§,MUSICAL SYMBOL KIEVAN QUARTER NOTE STEM DOWN,images/U+1D1E4_MUSICAL_SYMBOL_KIEVAN_QUARTER_NOTE_STEM_DOWN.png
Musical Symbols,U+1D1E5,ùá•,MUSICAL SYMBOL KIEVAN QUARTER NOTE STEM UP,images/U+1D1E5_MUSICAL_SYMBOL_KIEVAN_QUARTER_NOTE_STEM_UP.png
Musical Symbols,U+1D1E6,ùá¶,MUSICAL SYMBOL KIEVAN EIGHTH NOTE STEM DOWN,images/U+1D1E6_MUSICAL_SYMBOL_KIEVAN_EIGHTH_NOTE_STEM_DOWN.png
Musical Symbols,U+1D1E7,ùáß,MUSICAL SYMBOL KIEVAN EIGHTH NOTE STEM UP,images/U+1D1E7_MUSICAL_SYMBOL_KIEVAN_EIGHTH_NOTE_STEM_UP.png
Musical Symbols,U+1D1E8,ùá®,MUSICAL SYMBOL KIEVAN FLAT SIGN,images/U+1D1E8_MUSICAL_SYMBOL_KIEVAN_FLAT_SIGN.png
Musical Symbols,U+1D1E9,ùá©,MUSICAL SYMBOL SORI,images/U+1D1E9_MUSICAL_SYMBOL_SORI.png
Musical Symbols,U+1D1EA,ùá™,MUSICAL SYMBOL KORON,images/U+1D1EA_MUSICAL_SYMBOL_KORON.png
Ancient Greek Musical Notation,U+1D200,ùàÄ,GREEK VOCAL NOTATION SYMBOL-1,images/U+1D200_GREEK_VOCAL_NOTATION_SYMBOL-1.png
Ancient Greek Musical Notation,U+1D201,ùàÅ,GREEK VOCAL NOTATION SYMBOL-2,images/U+1D201_GREEK_VOCAL_NOTATION_SYMBOL-2.png
Ancient Greek Musical Notation,U+1D202,ùàÇ,GREEK VOCAL NOTATION SYMBOL-3,images/U+1D202_GREEK_VOCAL_NOTATION_SYMBOL-3.png
Ancient Greek Musical Notation,U+1D203,ùàÉ,GREEK VOCAL NOTATION SYMBOL-4,images/U+1D203_GREEK_VOCAL_NOTATION_SYMBOL-4.png
Ancient Greek Musical Notation,U+1D204,ùàÑ,GREEK VOCAL NOTATION SYMBOL-5,images/U+1D204_GREEK_VOCAL_NOTATION_SYMBOL-5.png
Ancient Greek Musical Notation,U+1D205,ùàÖ,GREEK VOCAL NOTATION SYMBOL-6,images/U+1D205_GREEK_VOCAL_NOTATION_SYMBOL-6.png
Ancient Greek Musical Notation,U+1D206,ùàÜ,GREEK VOCAL NOTATION SYMBOL-7,images/U+1D206_GREEK_VOCAL_NOTATION_SYMBOL-7.png
Ancient Greek Musical Notation,U+1D207,ùàá,GREEK VOCAL NOTATION SYMBOL-8,images/U+1D207_GREEK_VOCAL_NOTATION_SYMBOL-8.png
Ancient Greek Musical Notation,U+1D208,ùàà,GREEK VOCAL NOTATION SYMBOL-9,images/U+1D208_GREEK_VOCAL_NOTATION_SYMBOL-9.png
Ancient Greek Musical Notation,U+1D209,ùàâ,GREEK VOCAL NOTATION SYMBOL-10,images/U+1D209_GREEK_VOCAL_NOTATION_SYMBOL-10.png
Ancient Greek Musical Notation,U+1D20A,ùàä,GREEK VOCAL NOTATION SYMBOL-11,images/U+1D20A_GREEK_VOCAL_NOTATION_SYMBOL-11.png
Ancient Greek Musical Notation,U+1D20B,ùàã,GREEK VOCAL NOTATION SYMBOL-12,images/U+1D20B_GREEK_VOCAL_NOTATION_SYMBOL-12.png
Ancient Greek Musical Notation,U+1D20C,ùàå,GREEK VOCAL NOTATION SYMBOL-13,images/U+1D20C_GREEK_VOCAL_NOTATION_SYMBOL-13.png
Ancient Greek Musical Notation,U+1D20D,ùàç,GREEK VOCAL NOTATION SYMBOL-14,images/U+1D20D_GREEK_VOCAL_NOTATION_SYMBOL-14.png
Ancient Greek Musical Notation,U+1D20E,ùàé,GREEK VOCAL NOTATION SYMBOL-15,images/U+1D20E_GREEK_VOCAL_NOTATION_SYMBOL-15.png
Ancient Greek Musical Notation,U+1D20F,ùàè,GREEK VOCAL NOTATION SYMBOL-16,images/U+1D20F_GREEK_VOCAL_NOTATION_SYMBOL-16.png
Ancient Greek Musical Notation,U+1D210,ùàê,GREEK VOCAL NOTATION SYMBOL-17,images/U+1D210_GREEK_VOCAL_NOTATION_SYMBOL-17.png
Ancient Greek Musical Notation,U+1D211,ùàë,GREEK VOCAL NOTATION SYMBOL-18,images/U+1D211_GREEK_VOCAL_NOTATION_SYMBOL-18.png
Ancient Greek Musical Notation,U+1D212,ùàí,GREEK VOCAL NOTATION SYMBOL-19,images/U+1D212_GREEK_VOCAL_NOTATION_SYMBOL-19.png
Ancient Greek Musical Notation,U+1D213,ùàì,GREEK VOCAL NOTATION SYMBOL-20,images/U+1D213_GREEK_VOCAL_NOTATION_SYMBOL-20.png
Ancient Greek Musical Notation,U+1D214,ùàî,GREEK VOCAL NOTATION SYMBOL-21,images/U+1D214_GREEK_VOCAL_NOTATION_SYMBOL-21.png
Ancient Greek Musical Notation,U+1D215,ùàï,GREEK VOCAL NOTATION SYMBOL-22,images/U+1D215_GREEK_VOCAL_NOTATION_SYMBOL-22.png
Ancient Greek Musical Notation,U+1D216,ùàñ,GREEK VOCAL NOTATION SYMBOL-23,images/U+1D216_GREEK_VOCAL_NOTATION_SYMBOL-23.png
Ancient Greek Musical Notation,U+1D217,ùàó,GREEK VOCAL NOTATION SYMBOL-24,images/U+1D217_GREEK_VOCAL_NOTATION_SYMBOL-24.png
Ancient Greek Musical Notation,U+1D218,ùàò,GREEK VOCAL NOTATION SYMBOL-50,images/U+1D218_GREEK_VOCAL_NOTATION_SYMBOL-50.png
Ancient Greek Musical Notation,U+1D219,ùàô,GREEK VOCAL NOTATION SYMBOL-51,images/U+1D219_GREEK_VOCAL_NOTATION_SYMBOL-51.png
Ancient Greek Musical Notation,U+1D21A,ùàö,GREEK VOCAL NOTATION SYMBOL-52,images/U+1D21A_GREEK_VOCAL_NOTATION_SYMBOL-52.png
Ancient Greek Musical Notation,U+1D21B,ùàõ,GREEK VOCAL NOTATION SYMBOL-53,images/U+1D21B_GREEK_VOCAL_NOTATION_SYMBOL-53.png
Ancient Greek Musical Notation,U+1D21C,ùàú,GREEK VOCAL NOTATION SYMBOL-54,images/U+1D21C_GREEK_VOCAL_NOTATION_SYMBOL-54.png
Ancient Greek Musical Notation,U+1D21D,ùàù,GREEK INSTRUMENTAL NOTATION SYMBOL-1,images/U+1D21D_GREEK_INSTRUMENTAL_NOTATION_SYMBOL-1.png
Ancient Greek Musical Notation,U+1D21E,ùàû,GREEK INSTRUMENTAL NOTATION SYMBOL-2,images/U+1D21E_GREEK_INSTRUMENTAL_NOTATION_SYMBOL-2.png
Ancient Greek Musical Notation,U+1D21F,ùàü,GREEK INSTRUMENTAL NOTATION SYMBOL-4,images/U+1D21F_GREEK_INSTRUMENTAL_NOTATION_SYMBOL-4.png
Ancient Greek Musical Notation,U+1D220,ùà†,GREEK INSTRUMENTAL NOTATION SYMBOL-5,images/U+1D220_GREEK_INSTRUMENTAL_NOTATION_SYMBOL-5.png
Ancient Greek Musical Notation,U+1D221,ùà°,GREEK INSTRUMENTAL NOTATION SYMBOL-7,images/U+1D221_GREEK_INSTRUMENTAL_NOTATION_SYMBOL-7.png
Ancient Greek Musical Notation,U+1D222,ùà¢,GREEK INSTRUMENTAL NOTATION SYMBOL-8,images/U+1D222_GREEK_INSTRUMENTAL_NOTATION_SYMBOL-8.png
Ancient Greek Musical Notation,U+1D223,ùà£,GREEK INSTRUMENTAL NOTATION SYMBOL-11,images/U+1D223_GREEK_INSTRUMENTAL_NOTATION_SYMBOL-11.png
Ancient Greek Musical Notation,U+1D224,ùà§,GREEK INSTRUMENTAL NOTATION SYMBOL-12,images/U+1D224_GREEK_INSTRUMENTAL_NOTATION_SYMBOL-12.png
Ancient Greek Musical Notation,U+1D225,ùà•,GREEK INSTRUMENTAL NOTATION SYMBOL-13,images/U+1D225_GREEK_INSTRUMENTAL_NOTATION_SYMBOL-13.png
Ancient Greek Musical Notation,U+1D226,ùà¶,GREEK INSTRUMENTAL NOTATION SYMBOL-14,images/U+1D226_GREEK_INSTRUMENTAL_NOTATION_SYMBOL-14.png
Ancient Greek Musical Notation,U+1D227,ùàß,GREEK INSTRUMENTAL NOTATION SYMBOL-17,images/U+1D227_GREEK_INSTRUMENTAL_NOTATION_SYMBOL-17.png
Ancient Greek Musical Notation,U+1D228,ùà®,GREEK INSTRUMENTAL NOTATION SYMBOL-18,images/U+1D228_GREEK_INSTRUMENTAL_NOTATION_SYMBOL-18.png
Ancient Greek Musical Notation,U+1D229,ùà©,GREEK INSTRUMENTAL NOTATION SYMBOL-19,images/U+1D229_GREEK_INSTRUMENTAL_NOTATION_SYMBOL-19.png
Ancient Greek Musical Notation,U+1D22A,ùà™,GREEK INSTRUMENTAL NOTATION SYMBOL-23,images/U+1D22A_GREEK_INSTRUMENTAL_NOTATION_SYMBOL-23.png
Ancient Greek Musical Notation,U+1D22B,ùà´,GREEK INSTRUMENTAL NOTATION SYMBOL-24,images/U+1D22B_GREEK_INSTRUMENTAL_NOTATION_SYMBOL-24.png
Ancient Greek Musical Notation,U+1D22C,ùà¨,GREEK INSTRUMENTAL NOTATION SYMBOL-25,images/U+1D22C_GREEK_INSTRUMENTAL_NOTATION_SYMBOL-25.png
Ancient Greek Musical Notation,U+1D22D,ùà≠,GREEK INSTRUMENTAL NOTATION SYMBOL-26,images/U+1D22D_GREEK_INSTRUMENTAL_NOTATION_SYMBOL-26.png
Ancient Greek Musical Notation,U+1D22E,ùàÆ,GREEK INSTRUMENTAL NOTATION SYMBOL-27,images/U+1D22E_GREEK_INSTRUMENTAL_NOTATION_SYMBOL-27.png
Ancient Greek Musical Notation,U+1D22F,ùàØ,GREEK INSTRUMENTAL NOTATION SYMBOL-29,images/U+1D22F_GREEK_INSTRUMENTAL_NOTATION_SYMBOL-29.png
Ancient Greek Musical Notation,U+1D230,ùà∞,GREEK INSTRUMENTAL NOTATION SYMBOL-30,images/U+1D230_GREEK_INSTRUMENTAL_NOTATION_SYMBOL-30.png
Ancient Greek Musical Notation,U+1D231,ùà±,GREEK INSTRUMENTAL NOTATION SYMBOL-32,images/U+1D231_GREEK_INSTRUMENTAL_NOTATION_SYMBOL-32.png
Ancient Greek Musical Notation,U+1D232,ùà≤,GREEK INSTRUMENTAL NOTATION SYMBOL-36,images/U+1D232_GREEK_INSTRUMENTAL_NOTATION_SYMBOL-36.png
Ancient Greek Musical Notation,U+1D233,ùà≥,GREEK INSTRUMENTAL NOTATION SYMBOL-37,images/U+1D233_GREEK_INSTRUMENTAL_NOTATION_SYMBOL-37.png
Ancient Greek Musical Notation,U+1D234,ùà¥,GREEK INSTRUMENTAL NOTATION SYMBOL-38,images/U+1D234_GREEK_INSTRUMENTAL_NOTATION_SYMBOL-38.png
Ancient Greek Musical Notation,U+1D235,ùàµ,GREEK INSTRUMENTAL NOTATION SYMBOL-39,images/U+1D235_GREEK_INSTRUMENTAL_NOTATION_SYMBOL-39.png
Ancient Greek Musical Notation,U+1D236,ùà∂,GREEK INSTRUMENTAL NOTATION SYMBOL-40,images/U+1D236_GREEK_INSTRUMENTAL_NOTATION_SYMBOL-40.png
Ancient Greek Musical Notation,U+1D237,ùà∑,GREEK INSTRUMENTAL NOTATION SYMBOL-42,images/U+1D237_GREEK_INSTRUMENTAL_NOTATION_SYMBOL-42.png
Ancient Greek Musical Notation,U+1D238,ùà∏,GREEK INSTRUMENTAL NOTATION SYMBOL-43,images/U+1D238_GREEK_INSTRUMENTAL_NOTATION_SYMBOL-43.png
Ancient Greek Musical Notation,U+1D239,ùàπ,GREEK INSTRUMENTAL NOTATION SYMBOL-45,images/U+1D239_GREEK_INSTRUMENTAL_NOTATION_SYMBOL-45.png
Ancient Greek Musical Notation,U+1D23A,ùà∫,GREEK INSTRUMENTAL NOTATION SYMBOL-47,images/U+1D23A_GREEK_INSTRUMENTAL_NOTATION_SYMBOL-47.png
Ancient Greek Musical Notation,U+1D23B,ùàª,GREEK INSTRUMENTAL NOTATION SYMBOL-48,images/U+1D23B_GREEK_INSTRUMENTAL_NOTATION_SYMBOL-48.png
Ancient Greek Musical Notation,U+1D23C,ùàº,GREEK INSTRUMENTAL NOTATION SYMBOL-49,images/U+1D23C_GREEK_INSTRUMENTAL_NOTATION_SYMBOL-49.png
Ancient Greek Musical Notation,U+1D23D,ùàΩ,GREEK INSTRUMENTAL NOTATION SYMBOL-50,images/U+1D23D_GREEK_INSTRUMENTAL_NOTATION_SYMBOL-50.png
Ancient Greek Musical Notation,U+1D23E,ùàæ,GREEK INSTRUMENTAL NOTATION SYMBOL-51,images/U+1D23E_GREEK_INSTRUMENTAL_NOTATION_SYMBOL-51.png
Ancient Greek Musical Notation,U+1D23F,ùàø,GREEK INSTRUMENTAL NOTATION SYMBOL-52,images/U+1D23F_GREEK_INSTRUMENTAL_NOTATION_SYMBOL-52.png
Ancient Greek Musical Notation,U+1D240,ùâÄ,GREEK INSTRUMENTAL NOTATION SYMBOL-53,images/U+1D240_GREEK_INSTRUMENTAL_NOTATION_SYMBOL-53.png
Ancient Greek Musical Notation,U+1D241,ùâÅ,GREEK INSTRUMENTAL NOTATION SYMBOL-54,images/U+1D241_GREEK_INSTRUMENTAL_NOTATION_SYMBOL-54.png
Ancient Greek Musical Notation,U+1D242,ùâÇ,COMBINING GREEK MUSICAL TRISEME,images/U+1D242_COMBINING_GREEK_MUSICAL_TRISEME.png
Ancient Greek Musical Notation,U+1D243,ùâÉ,COMBINING GREEK MUSICAL TETRASEME,images/U+1D243_COMBINING_GREEK_MUSICAL_TETRASEME.png
Ancient Greek Musical Notation,U+1D244,ùâÑ,COMBINING GREEK MUSICAL PENTASEME,images/U+1D244_COMBINING_GREEK_MUSICAL_PENTASEME.png
Ancient Greek Musical Notation,U+1D245,ùâÖ,GREEK MUSICAL LEIMMA,images/U+1D245_GREEK_MUSICAL_LEIMMA.png
